city,location,latitude,longitude,count,location_freq
Faisalabad,Eden Valley,31.436061023815547,73.15458511149087,330,0.00283133632615272
Faisalabad,Satiana Road,31.36882294502573,73.13011609176533,307,0.002626791116278569
Faisalabad,Eden Orchard,31.484528000000005,73.08506601320131,303,0.002669853265725759
Faisalabad,Samundari Road,31.35266508402093,73.07125505578924,299,0.002605260041554974
Faisalabad,Wapda City,31.504048636968413,73.21518878534714,243,0.0019916244119325215
Faisalabad,Canal Road,31.437454269852402,73.15584712461782,181,0.0014425820064808536
Faisalabad,Madina Town,31.417756705932725,73.12038710212751,133,0.0013456921702246767
Faisalabad,Eden Gardens,31.426983775193797,73.14322427906977,129,0.001173443572435918
Faisalabad,Officers Colony,31.429588988888888,73.14278202222222,90,0.0008181808394966035
Faisalabad,Millat Road,31.452515000000002,73.09865,88,0.0007858842274112112
Faisalabad,Muslim Town,31.462310467821414,73.08658776523383,77,0.0023038249954246467
Faisalabad,Others,31.41839509352368,73.07961498466231,75,0.0007966497647730087
Faisalabad,Millat Town,31.49284363076886,73.1030953153744,72,0.0006351667043460475
Faisalabad,Peoples Colony No 1,31.407742506926496,73.10792339842824,71,0.0005490424054516681
Faisalabad,Nisar Colony,31.379599781318188,73.0653662750981,64,0.0005059802560044784
Faisalabad,Al Noor Garden,31.421522002464965,73.139779019951,57,0.0004521525691954914
Faisalabad,Jaranwala Road,31.403007290846595,73.13915598426233,52,0.0004629181065572888
Faisalabad,Sargodha Road,31.45023003067454,73.08661917572246,52,0.0004629181065572888
Faisalabad,Four Season Housing,31.343191945874036,73.06478286755859,50,0.00041985595711009914
Faisalabad,Peoples Colony No 2,31.397693083020112,73.0972042456898,44,0.00040909041974830174
Faisalabad,Jhang Road,31.400103333555307,72.03930746396988,42,0.0003014350461303276
Faisalabad,Saeed Colony,31.434299419284166,73.12874853745217,42,0.00033373165821571986
Faisalabad,Green Town,31.46328,73.09718605405406,37,0.001194974647159513
Faisalabad,Gulshan-e-Haram,31.364194000000005,73.06245899999999,37,0.0002906695087685302
Faisalabad,Khayaban Colony,31.427272057142858,73.13588622857144,35,0.000312200583492125
Faisalabad,Ghulam Mohammad Abad,31.44178812189256,73.04462564649324,34,0.000312200583492125
Faisalabad,Khayaban Colony 2,31.427567375833785,73.13115756120855,33,0.00026913843404493534
Faisalabad,Gulfishan Colony,31.405960558983594,73.04255593291849,32,0.0002906695087685302
Faisalabad,Samanabad,31.389928548387093,73.06892893548387,31,0.005296644382004328
Faisalabad,Gulshan e Madina,31.426305411577598,73.11607294022674,30,0.0002260762845977457
Faisalabad,Ghalib City,31.421539000000003,73.14799000000002,29,0.0002260762845977457
Faisalabad,Rachna Town,31.39058868780862,73.11578133008669,29,0.00019377967251235347
Faisalabad,Lahore - Sheikhupura - Faisalabad Road,31.46264412444632,73.15921004202708,28,0.0002260762845977457
Faisalabad,Mansoorabad,31.43546608611357,73.11820878450621,28,0.0002368418219595431
Faisalabad,Susan Road,31.423031846153847,73.11638442307691,26,0.00024760735932134053
Faisalabad,Nishatabad,31.451532548346794,73.11720239369266,24,0.00021531074723594827
Faisalabad,Amin Town,31.442440441759366,73.127893888638,22,0.0001507175230651638
Faisalabad,Punjab Govt. Servants Housing Foundation,31.367585,73.13717700000001,22,0.0001614830604269612
Faisalabad,Sir Syed Town,31.405160056009095,73.07798771851843,21,0.00017224859778875863
Faisalabad,Gulistan Colony No 1,31.441954550000002,73.10087065,20,0.0001614830604269612
Faisalabad,D Type Colony,31.380504338308214,73.08038342720799,19,0.0001614830604269612
Faisalabad,Narwala Road,31.43997389473684,73.02170210526315,19,0.0001614830604269612
Faisalabad,Bakar Mandi Road,31.41396537121647,73.05221192254189,17,0.00013995198570336637
Faisalabad,Civil Lines,31.440318176470587,73.08501105882353,17,0.001194974647159513
Faisalabad,Gulberg,31.424631095348587,73.06131919334312,17,0.007977263185091885
Faisalabad,Manawala,31.460676021326414,73.13912727625228,17,0.0001507175230651638
Faisalabad,Sheikh Colony,31.411164094590116,73.0443786425207,17,0.0001507175230651638
Faisalabad,Jhumra Road,31.469666187500003,73.13159362500001,16,0.00011842091097977155
Faisalabad,Nemat Colony No 1,31.411472,73.1231509375,16,0.00012918644834156897
Faisalabad,Raza Garden,31.451813,73.1619046875,16,0.0001507175230651638
Faisalabad,Yousaf Town,31.50550439256875,73.06790343822107,16,0.00013995198570336637
Faisalabad,Citi Housing Society,31.470422789486335,73.075603451052,15,0.00013995198570336637
Faisalabad,Khayaban Gardens,31.473328,73.089108,15,0.00013995198570336637
Faisalabad,Makkah Garden,31.508298,73.067842,15,0.00011842091097977155
Faisalabad,Nazimabad,31.40858166666667,73.06860206666667,15,0.010959317034309768
Faisalabad,D Ground,31.406121906151004,73.10740217421899,14,9.688983625617673e-05
Faisalabad,Green View Colony,31.445487848024147,73.07155659725278,14,0.00010765537361797414
Faisalabad,Al Najaf Colony,31.40288,73.122153,13,0.00013995198570336637
Faisalabad,Nemat Colony No 2,31.41064698164223,73.12701936460462,13,0.00010765537361797414
Faisalabad,Rehman Gardens,31.386322,73.126273,13,0.00020454520987415087
Faisalabad,Kohinoor Town,31.415799000000003,73.117983,12,8.612429889437932e-05
Faisalabad,Raza Abad,31.42614760340375,73.04804692464192,12,8.612429889437932e-05
Faisalabad,Riaz ul Jannah,31.47668006296792,73.06302470235191,12,7.53587615325819e-05
Faisalabad,SMD Homes,31.487271000000003,73.09093299999999,12,0.00012918644834156897
Faisalabad,Shahbaz Town,31.417304236630414,73.04129713370067,12,0.00011842091097977155
Faisalabad,Shalimar Park,31.376022028238918,73.09104146374509,12,7.53587615325819e-05
Faisalabad,Ahmadabad,31.445326604769637,73.11149462797408,11,8.612429889437932e-05
Faisalabad,Canal Expressway,31.505792090909093,73.19508945454545,11,6.459322417078448e-05
Faisalabad,Ideal Town,31.473263,73.077405,11,8.612429889437932e-05
Faisalabad,Jaranwala,31.331786189048184,73.41823473207873,11,7.53587615325819e-05
Faisalabad,Shahzad Colony,31.395879,73.111181,11,8.612429889437932e-05
Faisalabad,Usman Town,31.460026395424908,73.09873300439882,11,0.00010765537361797414
Faisalabad,Air Avenue City,31.391487,72.995389,10,9.688983625617673e-05
Faisalabad,Ali Housing Colony,31.4088958925607,73.03709704295309,10,9.688983625617673e-05
Faisalabad,Chak 209 RB Akalgarh,31.413841,73.180059,10,5.382768680898707e-05
Faisalabad,Kaleem Shaheed Colony No 1,31.432764,73.039556,10,9.688983625617673e-05
Faisalabad,Khayaban-e-Manzoor,31.397612,73.174014,10,6.459322417078448e-05
Faisalabad,Lasani Town,31.463701000000004,73.0772709,10,8.612429889437932e-05
Faisalabad,Shadab Colony,31.405964761319,73.0351758155191,10,8.612429889437932e-05
Faisalabad,Shadman Colony,31.399999474846403,73.1151414956827,10,9.688983625617673e-05
Faisalabad,Chenab Gardens,31.346967,73.07770699999999,9,7.53587615325819e-05
Faisalabad,Farooqabad,31.430860000000003,73.1180331111111,9,4.306214944718966e-05
Faisalabad,Gulberg Valley,31.407580000000003,73.15506733333334,9,8.612429889437932e-05
Faisalabad,Ismail Valley,31.492433,73.05834499999999,9,7.53587615325819e-05
Faisalabad,Khalid Abad,31.410498,73.071685,9,9.688983625617673e-05
Faisalabad,Paradise Valley,31.473035,73.195024,9,5.382768680898707e-05
Faisalabad,Sitara Colony,31.372253000000008,73.03658,9,8.612429889437932e-05
Faisalabad,Tariqabad,31.425583113444336,73.102742551278,9,9.688983625617673e-05
Faisalabad,Al Fayaz Colony,31.395439,73.110849,8,6.459322417078448e-05
Faisalabad,Bawa Chack 120 JB,31.478531985675627,73.08106439157375,8,5.382768680898707e-05
Faisalabad,Dhudi Wala,31.40310046141975,73.14785631945774,8,7.53587615325819e-05
Faisalabad,Garden Colony,31.397495000000003,73.105595,8,6.459322417078448e-05
Faisalabad,Gulshan Colony,31.431858,73.054833,8,0.00011842091097977155
Faisalabad,Gulshan-e-Hayat,31.41578,73.045905125,8,8.612429889437932e-05
Faisalabad,Hilal Road,31.386350875,73.099423875,8,5.382768680898707e-05
Faisalabad,Kaleem Shaheed Colony No 2,31.435446365012876,73.02685885689675,8,7.53587615325819e-05
Faisalabad,Sitara Sapna City,31.461569,73.063812,8,6.459322417078448e-05
Faisalabad,204 Chak Road,31.40633701170686,73.13686038638457,7,3.229661208539224e-05
Faisalabad,Abdullahpur,31.423882520134857,73.10667450385128,7,6.459322417078448e-05
Faisalabad,Allama Iqbal Colony,31.386358,73.08315828571428,7,0.00018301413515055604
Faisalabad,Ayub Colony,31.405993,73.055134,7,0.00020454520987415087
Faisalabad,Canal Park,31.407488719347146,73.09000887757215,7,6.459322417078448e-05
Faisalabad,Daewoo Road,31.470082,73.06824300000001,7,6.459322417078448e-05
Faisalabad,Daniyal Town,31.377251,73.116134,7,6.459322417078448e-05
Faisalabad,Khurianwala,31.492054803949998,73.26428475147357,7,4.306214944718966e-05
Faisalabad,Waris Pura,31.383275714285713,73.09571728571429,7,6.459322417078448e-05
Faisalabad,Ali Garden,31.381593999999996,72.979866,6,6.459322417078448e-05
Faisalabad,Chak 208 Road,31.434265467529332,73.14470478759766,6,5.382768680898707e-05
Faisalabad,Faisal Town,31.458576000000004,73.16035500000001,6,0.001636361678993207
Faisalabad,Gatwala Chowk,31.466749000000004,73.19184200000001,6,5.382768680898707e-05
Faisalabad,Gulbahar Colony,31.4041461908635,73.09823402683266,6,8.612429889437932e-05
Faisalabad,Jail Road,31.441217602817662,73.07842099755284,6,0.0001614830604269612
Faisalabad,Johar Colony,31.457626666666666,73.10644433333333,6,4.306214944718966e-05
Faisalabad,Latif Garden,31.468165305174,73.17544783826033,6,3.229661208539224e-05
Faisalabad,New Garden Town,31.392377447406165,73.10809189258732,6,5.382768680898707e-05
Faisalabad,Rabbani Colony,31.389471833333335,73.10661833333334,6,5.382768680898707e-05
Faisalabad,Raheem Gardens,31.372619,73.057237,6,6.459322417078448e-05
Faisalabad,Rasool Park,31.418481971130333,73.13314009399416,6,0.0003229661208539224
Faisalabad,Rehman Villas,31.367676,73.134282,6,0.00011842091097977155
Faisalabad,Valencia Gardens,31.350448,73.059597,6,4.306214944718966e-05
Faisalabad,Zia Colony,31.441479,73.142581,6,6.459322417078448e-05
Faisalabad,Afghanabad,31.419691017163,73.056716383789,5,4.306214944718966e-05
Faisalabad,Al Barkat Villas,31.377192,73.124949,5,4.306214944718966e-05
Faisalabad,Gulistan Colony No 2,31.446280813535402,73.0940391257406,5,5.382768680898707e-05
Faisalabad,Gulshan Rehman,31.386574000000003,73.117722,5,5.382768680898707e-05
Faisalabad,Gulshan-e-Rafique,31.374964,73.06499699999999,5,5.382768680898707e-05
Faisalabad,Haji Abad,31.495707,73.335301,5,4.306214944718966e-05
Faisalabad,Islamia Park,31.436792000000004,73.0997516,5,0.0002260762845977457
Faisalabad,Jinnah Colony,31.420424000000004,73.068065,5,0.0001614830604269612
Faisalabad,Kareem City,31.4761184,73.06451440000001,5,1.0765537361797415e-05
Faisalabad,Lasani Garden,31.457771,73.071649,5,4.306214944718966e-05
Faisalabad,Liaquat Town,31.414637,73.04911919999999,5,5.382768680898707e-05
Faisalabad,Mahmoodabad,31.4313,73.103356,5,5.382768680898707e-05
Faisalabad,Mian Zulfiqar Ali Shahid Road,31.472812999999995,73.086697,5,4.306214944718966e-05
Faisalabad,Santpura,31.414563999999995,73.071606,5,4.306214944718966e-05
Faisalabad,Younas Town,31.382585,73.123012,5,4.306214944718966e-05
Faisalabad,Ali Town,31.400535145874002,73.13923461254875,4,0.0002368418219595431
Faisalabad,Bilal Nagar,31.469658000000003,73.105807,4,2.153107472359483e-05
Faisalabad,Chak Jhumra,31.570492,73.18386600000001,4,3.229661208539224e-05
Faisalabad,Faisal Gardens,31.463152,73.173137,4,3.229661208539224e-05
Faisalabad,Kohinoor City,31.412659,73.116796,4,0.0
Faisalabad,Niamuana Bypass Road,31.338396,73.0817325,4,3.229661208539224e-05
Faisalabad,Nighabanpura,31.434668,73.10876400000001,4,3.229661208539224e-05
Faisalabad,Partab Nagar,31.410645,73.06155625,4,3.229661208539224e-05
Faisalabad,Rasheed Nagar,31.377236,73.067222,4,3.229661208539224e-05
Faisalabad,Rehman Town,31.463848,73.124306,4,2.153107472359483e-05
Faisalabad,Saifabad,31.402805750000002,73.0337985,4,3.229661208539224e-05
Faisalabad,Satellite Town,31.369541,73.066108,4,0.0022715283833392545
Faisalabad,Sitara Valley,31.467252,73.17525,4,3.229661208539224e-05
Faisalabad,University Town,31.496897,73.0806185,4,5.382768680898707e-05
Faisalabad,Al Rehmat Villas,31.410484000000007,73.151891,3,3.229661208539224e-05
Faisalabad,Babuwala,31.400281914308,73.017689259435,3,3.229661208539224e-05
Faisalabad,Canal Garden,31.459646000000003,73.17203466666666,3,0.0020669831734651035
Faisalabad,Chibban,31.434888,73.10266999999999,3,2.153107472359483e-05
Faisalabad,Dhandharan Chak 66 JB,31.390352000000004,72.96848100000001,3,3.229661208539224e-05
Faisalabad,Gobind Pura,31.42506466666667,73.064164,3,3.229661208539224e-05
Faisalabad,Guru Nanak Pura,31.429151666666666,73.070721,3,3.229661208539224e-05
Faisalabad,Hassan Villas,31.431487,73.150227,3,2.153107472359483e-05
Faisalabad,Ismail Green Valley,31.502916666666668,73.11398966666667,3,2.153107472359483e-05
Faisalabad,Karim Town,31.386174999999998,73.102723,3,3.229661208539224e-05
Faisalabad,Kashmir Road,31.446369,73.127801,3,0.00012918644834156897
Faisalabad,Kehkishan Colony No 1,31.402367,73.134513,3,2.153107472359483e-05
Faisalabad,Khawaja Islam Road,31.402765,73.11579499999999,3,3.229661208539224e-05
Faisalabad,Madina Gardens,31.366071666666667,73.140108,3,1.0765537361797415e-05
Faisalabad,Mohammad Nagar,31.396140000000003,73.11811933333333,3,3.229661208539224e-05
Faisalabad,Muzaffar Colony,31.376576,73.050792,3,3.229661208539224e-05
Faisalabad,Saddar,31.369503999999996,72.939849,3,0.00024760735932134053
Faisalabad,Suhail Abad,31.404308,73.098986,3,2.153107472359483e-05
Faisalabad,Taj Colony,31.441186,73.09236999999999,3,2.153107472359483e-05
Faisalabad,Tezab Mill Road,31.412036333333333,73.12615933333333,3,1.0765537361797415e-05
Faisalabad,Vista Homes,31.469185999999997,73.095636,3,2.153107472359483e-05
Faisalabad,Zulfiqar Colony,31.387105333333334,73.08827,3,2.153107472359483e-05
Faisalabad,Abdullah City,31.362066,73.065248,2,3.229661208539224e-05
Faisalabad,Al Masoom Town,31.394545,73.086732,2,1.0765537361797415e-05
Faisalabad,Amir Town,31.4591335,73.182458,2,1.0765537361797415e-05
Faisalabad,Burj Mandi,31.656085,73.097287,2,2.153107472359483e-05
Faisalabad,Chak 279/RB Kalan,31.421888,73.056843,2,2.153107472359483e-05
Faisalabad,Defence Fort Housing Scheme,31.35766,73.066266,2,1.0765537361797415e-05
Faisalabad,Gatwala Park Road,31.479016,73.212276,2,1.0765537361797415e-05
Faisalabad,Gulzar Colony,31.39537,73.12216,2,1.0765537361797415e-05
Faisalabad,Hajveeri Town,31.436719,73.095975,2,2.153107472359483e-05
Faisalabad,Illahi Abad,31.378481,73.108163,2,1.0765537361797415e-05
Faisalabad,Imran Road,31.426972151645003,73.134941472275,2,2.153107472359483e-05
Faisalabad,Ismail City,31.467713,73.066284,2,2.153107472359483e-05
Faisalabad,Jhang Bazar,31.416576,73.076872,2,1.0765537361797415e-05
Faisalabad,Judicial Employees Coop Housing Society,31.488279,73.211578,2,2.153107472359483e-05
Faisalabad,Kehkishan Colony No 2,31.405151,73.136315,2,2.153107472359483e-05
Faisalabad,Khawaja Gardens,31.391758000000003,73.106586,2,2.153107472359483e-05
Faisalabad,Lower Canal Road,31.412463,73.157133,2,1.0765537361797415e-05
Faisalabad,Madan Pura,31.433268,73.051089,2,2.153107472359483e-05
Faisalabad,Mediacom Avenue,31.435489,73.14030699999999,2,2.153107472359483e-05
Faisalabad,Model Town,31.424707706360003,73.0686877194825,2,0.004930616111703216
Faisalabad,Munianwala,31.481746,73.196139,2,1.0765537361797415e-05
Faisalabad,Murababad,31.449936,73.036973,2,1.0765537361797415e-05
Faisalabad,Nawaban Wala,31.3837945,73.060028,2,2.153107472359483e-05
Faisalabad,Samanabad Road,31.391063,73.071401,2,1.0765537361797415e-05
Faisalabad,Sitara Supreme City,31.496927000000003,73.072362,2,2.153107472359483e-05
Faisalabad,Tandlianwala Town,31.035763,73.133404,2,2.153107472359483e-05
Faisalabad,Umer Garden,31.40925,73.1244415,2,2.153107472359483e-05
Faisalabad,Umer Valley,31.467841,73.17931999999999,2,2.153107472359483e-05
Faisalabad,Akbar Chowk,31.43963,73.104997,1,1.0765537361797415e-05
Faisalabad,Al Jameel Housing Scheme,31.407028000000004,73.05455500000001,1,1.0765537361797415e-05
Faisalabad,Aqsa Town,31.451589,73.095632,1,1.0765537361797415e-05
Faisalabad,Canal View Hosuing Scheme,31.329825,73.049545,1,0.0
Faisalabad,Chak 208 RB Dogranwala,31.425148,73.161879,1,1.0765537361797415e-05
Faisalabad,Chak 8 JB Punj Garain,31.483137,73.045764,1,0.0
Faisalabad,Chak Bahga,31.481746,73.172364,1,0.0
Faisalabad,Circular Road,31.417119,73.082237,1,0.0
Faisalabad,Dhanola,31.510399,73.10851,1,1.0765537361797415e-05
Faisalabad,Diglus Pura,31.415871000000003,73.073577,1,1.0765537361797415e-05
Faisalabad,Dijkot Road,31.40529,73.06835500000001,1,1.0765537361797415e-05
Faisalabad,Dilawar Colony,31.377423,73.065517,1,1.0765537361797415e-05
Faisalabad,FDA City,31.516728000000004,73.08340799999999,1,1.0765537361797415e-05
Faisalabad,Faisalabad Sangla Hill Road,31.500963,73.14890799999999,1,1.0765537361797415e-05
Faisalabad,Fareed Town,31.406167053821,73.13446015119601,1,1.0765537361797415e-05
Faisalabad,GTS Chowk,31.41683,73.090862,1,0.0
Faisalabad,Gulgasht Colony,31.389349,73.104164,1,1.0765537361797415e-05
Faisalabad,Gulshan-e-Ali Housing Scheme,31.365319,73.13608,1,1.0765537361797415e-05
Faisalabad,Gulshan-e-Habib,31.44912,73.10726,1,0.0
Faisalabad,Gulshan-e-Rehman,31.466619,73.18678100000001,1,1.0765537361797415e-05
Faisalabad,Harchan Pura,31.412989000000003,73.064954,1,1.0765537361797415e-05
Faisalabad,Himat Pura,31.404565,73.139663,1,1.0765537361797415e-05
Faisalabad,Ilahi Abad,31.378887,73.10736999999999,1,1.0765537361797415e-05
Faisalabad,Iqbal Town,31.447996000000003,73.058072,1,6.459322417078448e-05
Faisalabad,Jameel Town,31.445323,73.059014,1,1.0765537361797415e-05
Faisalabad,Jaranwala Town,31.282900222682,73.28665103763299,1,1.0765537361797415e-05
Faisalabad,Jhaal Chowk,31.410655,73.093817,1,0.0
Faisalabad,Kamal Abad,31.42262,73.04294,1,0.0
Faisalabad,Kareem Garden,31.362637,73.14265999999999,1,1.0765537361797415e-05
Faisalabad,Khurrianwala Town,31.502239000000003,73.270125,1,1.0765537361797415e-05
Faisalabad,Kiran Villas,31.472654,73.10188000000001,1,1.0765537361797415e-05
Faisalabad,Lalazar,31.373468,73.129473,1,0.0013995198570336638
Faisalabad,Liaqat Road,31.425346,73.076227,1,1.0765537361797415e-05
Faisalabad,Lyallpur Town,31.41797,73.097363,1,1.0765537361797415e-05
Faisalabad,Millat Chowk,31.447442,73.096751,1,1.0765537361797415e-05
Faisalabad,Motorway City,31.51585,73.070791,1,1.0765537361797415e-05
Faisalabad,Nazimabad Villas,31.40258,73.06144,1,1.0765537361797415e-05
Faisalabad,New Green Town,31.493355,73.109049,1,0.0
Faisalabad,Qamar Garden,31.459711,73.15536999999999,1,1.0765537361797415e-05
Faisalabad,Qasim Abad,31.412293,73.06636999999999,1,1.0765537361797415e-05
Faisalabad,Quaid-e-Azam Park,31.40945,73.06291800000001,1,1.0765537361797415e-05
Faisalabad,Raja Colony,31.427748,73.05451,1,1.0765537361797415e-05
Faisalabad,Raja Park,31.382292,73.049591,1,0.0
Faisalabad,Rasool Nagar,31.400462,73.126359,1,1.0765537361797415e-05
Faisalabad,Ravi Gardens,31.383831,73.13379,1,1.0765537361797415e-05
Faisalabad,Rehman Pura,31.420826,73.05177900000001,1,1.0765537361797415e-05
Faisalabad,Rehmania Town,31.407885,73.06531,1,1.0765537361797415e-05
Faisalabad,Ryaz ul Jannah,31.477812,73.058962,1,1.0765537361797415e-05
Faisalabad,Sahianwala,31.639098,73.23458199999999,1,0.0
Faisalabad,Siddiqia Mill Colony,31.390424728394,73.09014129638699,1,0.0
Faisalabad,Steam Power Station Colony,31.451071,73.14361099999999,1,0.0
Faisalabad,Umair Town,31.484295,73.076408,1,1.0765537361797415e-05
Faisalabad,Wapda Town,31.483082,73.166882,1,0.006803819612655966
Faisalabad,Yasrab Colony,31.413896,73.101079,1,1.0765537361797415e-05
Faisalabad,Zubair Colony,31.399436,73.13039300000001,1,1.0765537361797415e-05
Islamabad,DHA Defence,33.51712081391338,73.19491133663067,1960,0.1294017590888049
Islamabad,Bahria Town,33.65056937405532,73.19134680629973,1084,0.04928463004230856
Islamabad,G-13,33.64920317258902,72.9623399640152,1035,0.008881568323482867
Islamabad,E-11,33.6952825875008,72.9793213419484,703,0.005931811086350375
Islamabad,G-11,33.67065100973847,72.99895614122829,648,0.005544251741325668
Islamabad,Ghauri Town,33.61893669197151,73.13037728861661,615,0.005511955129240276
Islamabad,F-11,33.68378605182929,72.99015098067902,573,0.004833726275447039
Islamabad,G-15,33.631250892360256,72.9255863403844,559,0.004812195200723444
Islamabad,I-8,33.667948269821785,73.07206899421575,533,0.004596884453487496
Islamabad,Gulberg,33.60643833717961,73.17829716413353,487,0.007977263185091885
Islamabad,F-10,33.68656454194287,73.00988286765372,423,0.003326551044795401
Islamabad,Soan Garden,33.56211279144095,73.155499905187,408,0.003401909806327983
Islamabad,B-17,33.682272418696115,72.8220867524073,399,0.0029605227744942887
Islamabad,Bani Gala,33.71302184363892,73.16254229406776,394,0.003014350461303276
Islamabad,H-13,33.63713684007994,72.97248983790799,333,0.0029389916997706943
Islamabad,I-10,33.64672209975849,73.0371215722105,330,0.0028959295503235044
Islamabad,F-8,33.712632554938594,73.04089309941361,305,0.0019916244119325215
Islamabad,D-12,33.70093854236482,72.94805650973231,275,0.00245454251848981
Islamabad,CBR Town,33.559358859551374,73.14179600907684,263,0.0021638730097212804
Islamabad,F-7,33.720432984026765,73.05595124652606,251,0.0012057401845213104
Islamabad,Bhara kahu,33.73758185761919,73.17957962050312,248,0.0020885142481886984
Islamabad,G-9,33.68817792643873,73.03450912700417,246,0.0021100453229122933
Islamabad,G-10,33.676717517350134,73.01537419534522,235,0.0017870792020583707
Islamabad,PWD Housing Scheme,33.57170514919696,73.14480142594323,235,0.0019808588745707243
Islamabad,Pakistan Town,33.57535511280229,73.14328838269437,221,0.0016794238284403966
Islamabad,D-17,33.65922106572091,72.85975900434954,205,0.001507175230651638
Islamabad,F-17,33.63181559421283,72.88002982242848,185,0.0017224859778875862
Islamabad,F-6,33.729099162902145,73.07452073108507,170,0.0010119605120089568
Islamabad,FECHS,33.57176915368039,73.17480719482741,134,0.0012380367966067026
Islamabad,National Police Foundation O-9,33.57092033281219,73.13250722378245,119,0.0010011949746471596
Islamabad,Korang Town,33.579044234861705,73.13963863972116,117,0.0009581328251999699
Islamabad,I-14,33.61106880792537,72.96715408529616,105,0.0008289463768584009
Islamabad,G-8,33.696079472136496,73.04795893699246,94,0.0008504774515819957
Islamabad,River Garden,33.551590158536584,73.16612791463415,82,0.0005167457933662759
Islamabad,Islamabad Highway,33.65139968185292,73.09577593706923,78,0.0017547825899729785
Islamabad,Naval Anchorage,33.57210509279805,73.20103675022864,65,0.0005598079428134655
Islamabad,Burma Town,33.644596838196115,73.12630218781456,63,0.0005167457933662759
Islamabad,G-14,33.64244475240949,72.95130344306708,60,0.0005167457933662759
Islamabad,I-9,33.655323490335846,73.05643957029447,60,0.0004844491812808836
Islamabad,Diplomatic Enclave,33.728873,73.119628,55,0.0004629181065572888
Islamabad,Zaraj Housing Scheme,33.51443402711804,73.15306765613946,53,0.000441387031833694
Islamabad,G-6,33.71534787755102,73.087202,49,0.00020454520987415087
Islamabad,Lehtarar Road,33.64047959091755,73.16200504205636,49,0.00041985595711009914
Islamabad,Chak Shahzad,33.65954879896092,73.14633972535914,48,0.00021531074723594827
Islamabad,National Police Foundation,33.69706759576088,72.98354570861315,48,0.00035526273293931467
Islamabad,Islamabad Expressway,33.62276741770902,73.11894391919463,47,0.00038755934502470693
Islamabad,E-7,33.72739615554993,73.04755900484992,45,8.612429889437932e-05
Islamabad,Chatha Bakhtawar,33.66636882133214,73.15253466072596,43,0.00036602827030111207
Islamabad,Shaheen Town,33.63763972483631,73.20308754933373,41,0.00041985595711009914
Islamabad,Kuri Road,33.678625475000004,73.1626878,40,0.00034449719557751727
Islamabad,Faisal Town - F-18,33.61642135328832,72.85956769296959,35,0.00027990397140673274
Islamabad,Green Avenue,33.6689409117647,73.15141273529412,34,0.0002906695087685302
Islamabad,Ali Pur,33.64472459137571,73.17366504886158,31,0.000312200583492125
Islamabad,Jhangi Syedan,33.62361872074027,72.94384023695804,30,0.00026913843404493534
Islamabad,Alipur Farash,33.650690000000004,73.202934,29,0.00021531074723594827
Islamabad,Kashmir Highway,33.619887487097444,72.92488887201418,29,0.00021531074723594827
Islamabad,PWD Road,33.56722032142857,73.13497653571429,28,0.00017224859778875863
Islamabad,Simly Dam Road,33.71693034977504,73.23364441041781,28,8.612429889437932e-05
Islamabad,Tarlai,33.640276285714286,73.15392428571428,28,0.00017224859778875863
Islamabad,Tarnol,33.64038539285715,72.89456417857143,28,0.00025837289668313794
Islamabad,Emaar Canyon Views,36.45756332462696,73.18497974060652,27,0.0002368418219595431
Islamabad,Khanna Pul,33.62933243624904,73.1120769974303,27,0.0002368418219595431
Islamabad,F-15,33.640697807692305,72.91855600000001,26,0.00019377967251235347
Islamabad,Islamabad - Murree Expressway,33.79878587467008,73.29525474014716,25,0.00018301413515055604
Islamabad,Taramrri,33.64157590245561,73.16483352486726,23,0.00019377967251235347
Islamabad,I-13,33.620681146934224,72.99154604723881,22,0.00021531074723594827
Islamabad,Koral Chowk,33.604816,73.13028618181818,22,0.00017224859778875863
Islamabad,Arsalan Town,33.64249095238095,73.21366285714285,21,0.00018301413515055604
Islamabad,I-12,33.628633421531624,73.00231471390566,21,0.00019377967251235347
Islamabad,Margalla Town,33.670603843244706,73.1061523191063,20,0.0001614830604269612
Islamabad,Park Road,33.6666949406288,73.1507574601011,20,0.0001507175230651638
Islamabad,Pir Sohawa,33.803464250000005,73.1237785,20,0.00017224859778875863
Islamabad,Thanda Pani,33.64908061031925,73.21958214383925,20,0.00018301413515055604
Islamabad,G-7,33.70526052631579,73.06930694736842,19,0.00012918644834156897
Islamabad,Swan Garden,33.56485051729432,73.15694222608958,19,0.00012918644834156897
Islamabad,GT Road,33.54276605555556,73.11259899999999,18,0.0019270311877617372
Islamabad,I-11,33.635436999999996,73.01954283333333,18,0.00013995198570336637
Islamabad,Motorway Chowk,33.63169093994141,72.93846729018264,17,7.53587615325819e-05
Islamabad,Park View City,33.720586,73.22200600000001,17,0.00010765537361797414
Islamabad,Shah Allah Ditta,33.71321175622812,72.92148249990812,17,0.00011842091097977155
Islamabad,I-16,33.5974223125,72.93414006249999,16,0.0001507175230651638
Islamabad,Marwa Town,33.629020000000004,73.15288875,16,0.00013995198570336637
Islamabad,C-18,33.668763745809734,72.825843797622,15,0.00013995198570336637
Islamabad,E-18,33.632274859618,72.8534264738958,15,0.00010765537361797414
Islamabad,Karakoram Diplomatic Enclave,33.724426,73.12033100000001,15,0.00013995198570336637
Islamabad,Royal Avenue,33.657540999999995,73.16125799999999,15,0.00013995198570336637
Islamabad,Blue Area,33.71370678571429,73.06217207142858,14,0.00011842091097977155
Islamabad,Gulshan-e-Khudadad,33.626837,72.98273,14,0.00010765537361797414
Islamabad,Naval Farms Housing Scheme,33.721306,73.21790278571429,14,0.0
Islamabad,Jhang Syedan,33.64303574707023,73.2088940612254,13,0.00013995198570336637
Islamabad,The Springs,33.615388,73.119838,12,0.00010765537361797414
Islamabad,Chattar,33.77960906183418,73.24022970414592,11,8.612429889437932e-05
Islamabad,Garden Town,33.636131818181816,73.11392090909091,11,0.001744017052611181
Islamabad,Koral Town,33.601768002397456,73.14196146039555,11,9.688983625617673e-05
Islamabad,Madina Town,33.583344,73.15158240000001,10,0.0013456921702246767
Islamabad,E-14,33.66964,72.923294,9,8.612429889437932e-05
Islamabad,Golra Mor,33.625639318793446,72.9698717245551,9,6.459322417078448e-05
Islamabad,Multi Residencia & Orchards,33.71763811111111,72.70781955555556,9,5.382768680898707e-05
Islamabad,PAEC Employees Cooperative Housing Society,33.480561,73.205827,9,8.612429889437932e-05
Islamabad,Fateh Jang Road,33.562993000000006,72.785113375,8,5.382768680898707e-05
Islamabad,Meherban Colony,33.65893426260675,73.15322838762,8,5.382768680898707e-05
Islamabad,Shahpur,33.743011852372625,73.21286881247138,8,7.53587615325819e-05
Islamabad,Sohan Valley,33.649494,73.104401,8,6.459322417078448e-05
Islamabad,Abdullah Garden,33.634773754186,72.98415184021,7,4.306214944718966e-05
Islamabad,D-18,33.65166228571429,72.84246671428572,7,7.53587615325819e-05
Islamabad,E-16,33.65390528571429,72.88269871428572,7,4.306214944718966e-05
Islamabad,H-15,33.621853339828,72.93862449019129,7,5.382768680898707e-05
Islamabad,Murree Road,33.76201,73.217792,7,0.00010765537361797414
Islamabad,Others,33.7294,73.0931,7,0.0007966497647730087
Islamabad,Rawal Town,33.686032,73.11726800000001,7,7.53587615325819e-05
Islamabad,Sarai Kharbuza,33.680988,72.905316,7,5.382768680898707e-05
Islamabad,Shehzad Town,33.671872,73.14027800000001,7,5.382768680898707e-05
Islamabad,Spring Valley,33.733779935980145,73.19586211260658,7,5.382768680898707e-05
Islamabad,Top City 1,33.58564542857143,72.86904057142857,7,4.306214944718966e-05
Islamabad,9th Avenue,33.6927760385695,73.04542519210351,6,4.306214944718966e-05
Islamabad,Al Huda Town,33.641419,73.197355,6,5.382768680898707e-05
Islamabad,H-12,33.643708,72.9859395,6,5.382768680898707e-05
Islamabad,IJP Road,33.635343,73.02945749999999,6,2.153107472359483e-05
Islamabad,Iqbal Town,33.647564,73.104529,6,6.459322417078448e-05
Islamabad,Jinnah Avenue,33.709454,73.05543399999999,6,0.0015287063053752328
Islamabad,New Shakrial,33.639258228190165,73.10905904386401,6,6.459322417078448e-05
Islamabad,Qutbal Town,33.628058,73.12750799999999,6,4.306214944718966e-05
Islamabad,7th Avenue,33.718646,73.070927,5,5.382768680898707e-05
Islamabad,AGHOSH,33.557634366504004,73.1477883868164,5,4.306214944718966e-05
Islamabad,Airport Enclave,33.598178000000004,72.85235899999999,5,4.306214944718966e-05
Islamabad,Dhok Chaudhrian,33.566573,72.856436,5,4.306214944718966e-05
Islamabad,Frash Town,33.652051,73.203666,5,3.229661208539224e-05
Islamabad,Mumtaz City,33.589205,72.86063399999999,5,1.0765537361797415e-05
Islamabad,Pindorian,33.645847722243005,73.11839490803,5,4.306214944718966e-05
Islamabad,Police Foundation Housing Society,33.474215,73.198686,5,4.306214944718966e-05
Islamabad,Royal City,33.646113,73.236695,5,4.306214944718966e-05
Islamabad,Athal,33.730882,73.231434,4,2.153107472359483e-05
Islamabad,D-13,33.692526022787,72.93256245071399,4,3.229661208539224e-05
Islamabad,D-14,33.70341,72.926426,4,4.306214944718966e-05
Islamabad,Embassy Road,33.72666862966,73.107082843781,4,4.306214944718966e-05
Islamabad,G-16,33.62472325,72.91681775,4,4.306214944718966e-05
Islamabad,Partal Town,33.640991,73.20405,4,2.153107472359483e-05
Islamabad,Thalian,33.54156075,72.91277625,4,2.153107472359483e-05
Islamabad,Zero Point,33.693798,73.06513000000001,4,4.306214944718966e-05
Islamabad,Airport Avenue Housing Society,33.536143,72.755002,3,2.153107472359483e-05
Islamabad,Capital Enclave,33.578933,73.15791999999999,3,2.153107472359483e-05
Islamabad,G-5,33.718405999999995,73.09712833333333,3,1.0765537361797415e-05
Islamabad,Golra Road,33.677901,72.956535,3,2.153107472359483e-05
Islamabad,H-9,33.67587766666667,73.04717033333333,3,1.0765537361797415e-05
Islamabad,Judicial Town,33.796411,73.249746,3,2.153107472359483e-05
Islamabad,NIH Colony,33.679961,73.147874,3,2.153107472359483e-05
Islamabad,Pakistan Intelligence Bureau Housing Society,33.613451,73.173232,3,3.229661208539224e-05
Islamabad,Phulgran,33.73344079972333,73.204445628418,3,3.229661208539224e-05
Islamabad,Raja Akhtar Road,33.7464519,73.2009628,3,2.153107472359483e-05
Islamabad,Tumair,33.673918,73.287952,3,2.153107472359483e-05
Islamabad,University Town,33.586238,72.887506,3,5.382768680898707e-05
Islamabad,Azmat Town,33.732727000000004,73.172035,2,2.153107472359483e-05
Islamabad,City Garden,33.519143,72.769285,2,2.153107472359483e-05
Islamabad,E-12,33.6874245,72.95547049999999,2,2.153107472359483e-05
Islamabad,Engineering Co-operative Housing (ECHS),33.655924,72.842209,2,2.153107472359483e-05
Islamabad,G-12,33.659496000000004,72.98101899999999,2,2.153107472359483e-05
Islamabad,H-11,33.651743999999994,73.009579,2,2.153107472359483e-05
Islamabad,Japan Road,33.568905,73.22962,2,2.153107472359483e-05
Islamabad,Kuri,33.672181,73.178586,2,2.153107472359483e-05
Islamabad,Kuri Model Town,33.681952,73.18413699999999,2,2.153107472359483e-05
Islamabad,Model Town,33.704801,73.225157,2,0.004930616111703216
Islamabad,Orchard Scheme,33.6759985,73.10065999999999,2,0.0
Islamabad,PECHS,33.585710000000006,72.8288575,2,1.0765537361797415e-05
Islamabad,Rawal Enclave,33.673231,73.26773100000001,2,2.153107472359483e-05
Islamabad,Sangjani,33.674783000000005,72.847924,2,1.0765537361797415e-05
Islamabad,Shah Dara,33.779001,73.169529,2,1.0765537361797415e-05
Islamabad,Wapda Town,33.65851351888,72.813220024109,2,0.006803819612655966
Islamabad,Zone 5,33.574998,73.315366,2,2.153107472359483e-05
Islamabad,12th Avenue,33.624151,72.996002,1,0.0
Islamabad,Agro Farming Scheme,33.762376,73.236661,1,0.0
Islamabad,Ahmed Town,33.531531,72.83145400000001,1,0.0
Islamabad,Airline Avenue,33.59453161124,72.85574913024901,1,1.0765537361797415e-05
Islamabad,Aiza Garden,33.550364,73.150396,1,1.0765537361797415e-05
Islamabad,Al Qaim Town,33.646824,73.112588,1,1.0765537361797415e-05
Islamabad,Alhamra Avenue,33.624947,73.257129,1,1.0765537361797415e-05
Islamabad,Atomic Energy Employee Society,33.480422,73.201904,1,1.0765537361797415e-05
Islamabad,Bokra Road,33.628883,73.000788,1,1.0765537361797415e-05
Islamabad,C-19,33.658424,72.81313399999999,1,1.0765537361797415e-05
Islamabad,Chirah,33.648973,73.284686,1,0.0
Islamabad,Club Road,33.711489,73.103435,1,0.0
Islamabad,F-9,33.701493,73.02286099999999,1,1.0765537361797415e-05
Islamabad,Islamabad View Valley,33.489352000000004,72.72695999999999,1,1.0765537361797415e-05
Islamabad,"Islamabad, Islamabad Capital",33.749464192326,73.061141967773,1,0.0
Islamabad,Jagiot Road,33.676393,73.21459499999999,1,1.0765537361797415e-05
Islamabad,Kahuta Road,33.526585,73.470111,1,1.0765537361797415e-05
Islamabad,Karakoram Enclave 1,33.681754999999995,72.985775,1,1.0765537361797415e-05
Islamabad,Korang Road,33.647328,73.037486,1,0.0
Islamabad,Lawyers Society,33.548369,73.09508100000001,1,1.0765537361797415e-05
Islamabad,Malot,33.706436,73.210916,1,0.0
Islamabad,OPF Valley,33.582412,73.24189799999999,1,1.0765537361797415e-05
Islamabad,PAF Tarnol,33.605559,72.846068,1,1.0765537361797415e-05
Islamabad,PTV Colony,33.740507,73.196239,1,1.0765537361797415e-05
Islamabad,Sehala Farm House,33.577969,73.280159,1,0.0
Islamabad,Sihala,33.545091,73.196883,1,1.0765537361797415e-05
Islamabad,Sihala Valley,33.551548,73.212615,1,0.0
Karachi,Bahria Town Karachi,25.018715662571726,67.28184591837446,7682,0.06515303211359795
Karachi,DHA Defence,24.807896137488388,67.06243149916229,6327,0.1294017590888049
Karachi,Gulistan-e-Jauhar,24.923118487320778,67.13405956692891,4735,0.0404030617188257
Karachi,Gulshan-e-Iqbal Town,24.911266074377256,67.08554085163924,3223,0.027452120272583407
Karachi,Gadap Town,25.03064582013254,67.08868973156017,2849,0.0212404052148263
Karachi,Scheme 33,24.95567013894586,67.13913263824341,2527,0.021455715962062246
Karachi,North Nazimabad,24.941873332445432,67.04703667301735,2412,0.020368396688520706
Karachi,North Karachi,24.98949924757099,67.05958039825819,2380,0.01994854073141061
Karachi,Federal B Area,24.92681063320996,67.0685852836883,2010,0.01672964506023318
Karachi,Nazimabad,24.914146490839183,67.02845861247275,1272,0.010959317034309768
Karachi,Jamshed Town,24.87019287942361,67.05463764974137,1043,0.008752381875141298
Karachi,Clifton,24.82070210791497,67.02419435276747,1037,0.008472477903734565
Karachi,Cantt,24.933649969375274,67.17645473117729,1035,0.013037065745136668
Karachi,Malir,24.91972156094456,67.19999216735175,1022,0.008903099398206462
Karachi,Korangi,24.829755575318757,67.11783975162164,760,0.00490908503697962
Karachi,Liaquatabad,24.903613139836068,67.05002674869334,444,0.002239231771253862
Karachi,New Karachi,24.997910505703647,67.06236824115776,276,0.002346887144871836
Karachi,Bin Qasim Town,24.85298932021998,67.30001066654947,211,0.0016578927537168019
Karachi,Garden West,24.874215503397163,67.01652420626017,201,0.0016578927537168019
Karachi,Bath Island,24.835657469382383,67.02863301654568,197,0.001668658291078599
Karachi,Mehmoodabad,24.853762156804706,67.07443740990293,191,0.0015717684548224224
Karachi,University Road,24.96008994113806,67.14233715952513,186,0.0015825339921842199
Karachi,Shah Faisal Town,24.87964578610979,67.16853787541267,185,0.001614830604269612
Karachi,Fazaia Housing Scheme,25.06301930218008,67.26209697411993,180,0.001765548127334776
Karachi,Jinnah Avenue,24.90351960295601,67.18052457823667,175,0.0015287063053752328
Karachi,Shahra-e-Faisal,24.873159915750673,67.10814912687198,163,0.0013887543196718665
Karachi,Jamshed Road,24.88099071297867,67.04183390737897,155,0.0013456921702246767
Karachi,Navy Housing Scheme Karsaz,24.893651833990813,67.10450508004534,145,0.0011303814229887284
Karachi,Abul Hassan Isphani Road,24.943118340716936,67.0989319254526,140,0.0011626780350741208
Karachi,Saddar Town,24.91387512514359,67.06221174501519,134,0.0011626780350741208
Karachi,Frere Town,24.841052514014,67.03742147162664,128,0.0011519124977123233
Karachi,Civil Lines,24.845349566203737,67.03044101300797,126,0.001194974647159513
Karachi,Khalid Bin Walid Road,24.87489908265728,67.0573172563451,126,0.0010873192735415388
Karachi,Gulberg Town,24.92245048353643,67.06716559666597,123,0.0010227260493707543
Karachi,Orangi Town,24.9492290461793,66.97874054786745,123,0.0010011949746471596
Karachi,Shaheed Millat Road,24.877071394941925,67.06909075740937,112,0.0009473672878381724
Karachi,Defence View Society,24.838723052389366,67.07992551572248,110,0.0009581328251999699
Karachi,Gizri,24.82091387113579,67.04515387288009,104,0.0009043051383909828
Karachi,Sea View Apartments,24.791838,67.04466806451613,93,0.0007643531526876164
Karachi,Airport,24.902642050094663,67.15995563407292,92,0.0008504774515819957
Karachi,Malir Link To Super Highway,24.95153797826087,67.18300058695652,92,0.0008504774515819957
Karachi,Naya Nazimabad,24.969255004862916,67.03985501040252,92,0.0007751186900494139
Karachi,Delhi Colony,24.83169960315001,67.04392743038369,86,0.0006351667043460475
Karachi,Northern Bypass,25.064230565957182,67.09639018861648,83,0.0006674633164314397
Karachi,P & T Colony,24.826385987804876,67.04567703658536,82,0.0006782288537932371
Karachi,KDA Scheme 1,24.879677779373772,67.0905197076193,70,0.00038755934502470693
Karachi,Landhi,24.838544054527677,67.17874270337518,68,0.0005059802560044784
Karachi,Rashid Minhas Road,24.900547110863265,67.11525764335941,61,0.0004952147186426811
Karachi,Saadi Road,24.946859713142423,67.16215754995287,57,0.0004952147186426811
Karachi,Manzoor Colony,24.971872757815184,67.19634064705407,54,0.0004952147186426811
Karachi,Aisha Manzil,24.92763767258056,67.06456427446088,43,0.00035526273293931467
Karachi,Golimar,24.891267334585955,67.00791390717495,43,0.0003229661208539224
Karachi,Tariq Road,24.871097734193306,67.05966280523255,43,0.00043062149447189654
Karachi,Dastgir Colony,24.9256506907786,67.07710635863448,40,0.0003229661208539224
Karachi,Scheme 45,25.046129553973373,67.10504122538512,40,0.00027990397140673274
Karachi,Hill Park,24.868117924932136,67.07127342926462,37,0.000312200583492125
Karachi,Super Highway,24.990337215844665,67.16664245861983,36,0.00020454520987415087
Karachi,M. A. Jinnah Road,25.055683569893425,67.19492212761067,33,0.00026913843404493534
Karachi,Korangi Road,24.84178359854771,67.14584263930188,31,0.00024760735932134053
Karachi,Baldia Town,24.918895504013893,66.96844754995583,28,0.00021531074723594827
Karachi,Etawa Society,25.003900964285716,67.12267096428572,28,0.0002368418219595431
Karachi,Punjab Colony,24.830948000000003,67.04732903703704,27,0.0002260762845977457
Karachi,Amir Khusro,24.880714000000005,67.08047684615384,26,0.00020454520987415087
Karachi,Naval Housing Scheme,24.840445999483343,67.0575134195897,26,0.00021531074723594827
Karachi,Zamzama,24.82198380267804,67.040198958963,25,0.00013995198570336637
Karachi,Karachi Motorway,24.99836543478261,67.21195443478261,23,0.00017224859778875863
Karachi,Baloch Colony,24.867479622810592,67.08170689817895,22,0.00017224859778875863
Karachi,Falaknaz Presidency,24.927051090909092,67.17399418181817,22,0.00018301413515055604
Karachi,Muslimabad Society,24.879255013399998,67.04940183316317,22,0.0001614830604269612
Karachi,Bagh-e-Korangi,24.858398000000005,67.151549,21,0.00018301413515055604
Karachi,Saima Luxury Homes,24.85903597580681,67.14424292061943,21,0.00018301413515055604
Karachi,Anda Mor Road,24.96495347888135,67.0565035418108,20,0.00018301413515055604
Karachi,Azam Town,24.8449095262301,67.07029523968774,20,0.00018301413515055604
Karachi,DHA City Karachi,25.0193071779786,67.42166866849365,20,0.00013995198570336637
Karachi,Diamond City,24.874796,67.017519,19,0.00018301413515055604
Karachi,Kamran Chowrangi,24.923841,67.13781189473684,19,0.00018301413515055604
Karachi,Lyari Town,24.86579045599042,66.9882330309159,19,0.00017224859778875863
Karachi,Sindh Industrial Trading Estate (SITE),24.920936064020736,67.01461773250485,19,0.00012918644834156897
Karachi,Naval Colony,24.9289725,66.99624838888889,18,0.0001614830604269612
Karachi,Suparco Road,24.952583274322947,67.12675212553361,18,0.00013995198570336637
Karachi,Shadman 2,24.960179457590414,67.06186521700407,17,0.0002906695087685302
Karachi,Cosmopolitan Society,24.880200759886627,67.04241484320713,16,0.00011842091097977155
Karachi,Khuda Ki Basti,25.03241635833675,67.09449218187387,16,7.53587615325819e-05
Karachi,Tipu Sultan Road,24.875725661129938,67.08492602266075,16,0.00012918644834156897
Karachi,Lyari Expressway,24.8969192,67.04936113333335,15,7.53587615325819e-05
Karachi,Hassan Goth,25.028795,67.092118,14,5.382768680898707e-05
Karachi,Kemari Town,24.838545828197788,66.95041302847957,14,8.612429889437932e-05
Karachi,PTV Society,25.00838607142857,67.1181072142857,14,0.00012918644834156897
Karachi,ASF Tower,24.951961305778845,67.15868208435646,13,0.00010765537361797414
Karachi,Abid Town,24.92682730769231,67.0831393076923,13,0.00010765537361797414
Karachi,Khudadad Colony,24.873651961885926,67.04495572250599,13,0.00011842091097977155
Karachi,Stadium Road,24.86801977647523,67.31577245851268,13,0.0001614830604269612
Karachi,Falcon Complex Faisal,24.865828000000004,67.088388,12,7.53587615325819e-05
Karachi,Kashmir Road,24.8801565,67.04397510000001,12,0.00012918644834156897
Karachi,National Highway,24.862219,67.284222,12,9.688983625617673e-05
Karachi,Rabia City,24.907814,67.13298275,12,0.00011842091097977155
Karachi,Rufi Lake Drive Apartments,24.907373916666668,67.12110633333334,12,9.688983625617673e-05
Karachi,Al-Hilal Society,24.894247909090907,67.06650227272728,11,9.688983625617673e-05
Karachi,Gizri Road,24.82221709090909,67.0461290909091,11,0.00010765537361797414
Karachi,Kashmir Colony,24.83767181818182,67.07654845454546,11,6.459322417078448e-05
Karachi,Maskan Chowrangi,24.934847,67.10524818181818,11,0.00010765537361797414
Karachi,Numaish Chowrangi,24.87334690909091,67.03637636363636,11,9.688983625617673e-05
Karachi,Pakistan Chowk,24.854098534970817,67.01214236113672,11,0.00010765537361797414
Karachi,Gulshan-e-Usman Housing Society,24.979596100000002,67.1850588,10,8.612429889437932e-05
Karachi,Manghopir Road,24.948751345978202,67.02193141526179,10,5.382768680898707e-05
Karachi,Punjab Chowrangi,24.8344789,67.03912089999999,10,7.53587615325819e-05
Karachi,Shahrah-e-Pakistan,24.934436,67.072266,10,7.53587615325819e-05
Karachi,Amil Colony,24.884206918826223,67.02831668195023,9,9.688983625617673e-05
Karachi,Cutchi Memon Cooperative Housing Society,24.885829,67.072549,9,5.382768680898707e-05
Karachi,Dalmia Cement Factory Road,24.90377530840389,67.10243786420355,9,6.459322417078448e-05
Karachi,Guru Mandir Chorangi,24.880755,67.039694,9,6.459322417078448e-05
Karachi,Khayaban-e-Ittehad Road,24.812401807716114,67.07555605327578,9,7.53587615325819e-05
Karachi,Nishtar Road (Lawrence Road),24.88383135400978,67.02861568456576,9,6.459322417078448e-05
Karachi,Sakhi Hassan Chowrangi,24.954203,67.057675,9,8.612429889437932e-05
Karachi,Shaheed-e-Millat Expressway,24.850304888888886,67.083061,9,5.382768680898707e-05
Karachi,Shahra-e-Qaideen,24.872848945637998,67.03842373676211,9,7.53587615325819e-05
Karachi,Cotton Export Cooperative Housing Society,24.999456,67.128634375,8,5.382768680898707e-05
Karachi,Gulshan-e-Millat,24.861197,67.154875625,8,8.612429889437932e-05
Karachi,Lalukhet,24.900299,67.032157,8,7.53587615325819e-05
Karachi,Abdullah Haroon Road,24.847896714285717,67.03118271428572,7,6.459322417078448e-05
Karachi,Britto Road,24.878648425305858,67.03389564934642,7,6.459322417078448e-05
Karachi,Khaliq-uz-Zaman Road,24.832270209191854,67.038144651282,7,6.459322417078448e-05
Karachi,Qayyumabad,24.82468345061057,67.08185663487299,7,2.153107472359483e-05
Karachi,Al-Jadeed Residency,24.931248,67.25654,6,5.382768680898707e-05
Karachi,BMCHS,24.883045999999997,67.064663,6,5.382768680898707e-05
Karachi,Chapal Courtyard,24.953425999999997,67.14438916666667,6,4.306214944718966e-05
Karachi,Hub River Road,24.9555415,66.95545716666666,6,3.229661208539224e-05
Karachi,PAF Housing Scheme,24.953678,67.18115999999999,6,5.382768680898707e-05
Karachi,Al-Manzar Society,25.009434,67.12895300000001,5,5.382768680898707e-05
Karachi,Chapal Uptown,25.0455184,67.13858,5,4.306214944718966e-05
Karachi,Defence Garden,24.8454522,67.0541776,5,6.459322417078448e-05
Karachi,MT Khan Road,24.845752,67.022147,5,5.382768680898707e-05
Karachi,Shahra-e-Usman,25.014626,67.063959,5,3.229661208539224e-05
Karachi,Teacher Society,24.986019,67.135864,5,4.306214944718966e-05
Karachi,ASF Housing Scheme,24.937917249999998,67.15371225,4,4.306214944718966e-05
Karachi,Darul Aman Society,24.87541282537675,67.06827178638075,4,3.229661208539224e-05
Karachi,Gulshan-e-Amin,24.93506642191575,67.095451644888,4,3.229661208539224e-05
Karachi,Gulshan-e-Areesha,24.94025075,67.1462205,4,4.306214944718966e-05
Karachi,Hawks Bay Scheme 42,24.897606,66.84204075000001,4,3.229661208539224e-05
Karachi,Laraib Garden,24.922239,67.081284,4,4.306214944718966e-05
Karachi,Liaquat Avenue,24.903123,67.1863885,4,3.229661208539224e-05
Karachi,Lines Area,24.866179,67.03944,4,2.153107472359483e-05
Karachi,Old Ravians Co-Operative Housing Society,24.93886,67.14528299999999,4,4.306214944718966e-05
Karachi,Police Society,24.963835,67.1792915,4,4.306214944718966e-05
Karachi,Ranchore Line Bazar,24.867863999999997,67.01440925,4,2.153107472359483e-05
Karachi,Shah Town,24.852831,67.333047,4,3.229661208539224e-05
Karachi,Siraj-ud-Daula Road,24.879682,67.068985,4,3.229661208539224e-05
Karachi,State Bank of Pakistan Staff Co-Operative Housing Society,25.107539000000003,67.152488,4,4.306214944718966e-05
Karachi,Teachers Society,24.978356,67.129812,4,3.229661208539224e-05
Karachi,Abdullah Ahmed Road,24.891224000000005,66.988458,3,3.229661208539224e-05
Karachi,Bilal Town,24.876259,67.17116700000001,3,3.229661208539224e-05
Karachi,Catholic Colony,24.835906000000005,67.114074,3,2.153107472359483e-05
Karachi,Falaknaz Dynasty,24.927032,67.173136,3,2.153107472359483e-05
Karachi,Gulshan-e-Umair,24.939904,67.16690200000001,3,2.153107472359483e-05
Karachi,I. I. Chundrigar Road,24.849870999999997,67.00823299999999,3,1.0765537361797415e-05
Karachi,Intelligence Colony,24.841911999999997,67.01269599999999,3,3.229661208539224e-05
Karachi,Maqboolabad Society,24.88555,67.063068,3,2.153107472359483e-05
Karachi,Others,24.863809916719333,67.02267208123966,3,0.0007966497647730087
Karachi,Rufi Rose Petals,24.954900492399332,67.11096349812901,3,1.0765537361797415e-05
Karachi,Shah Rasool Colony,24.810965999999997,67.03483299999999,3,2.153107472359483e-05
Karachi,circular road,25.080332,67.146873,3,2.153107472359483e-05
Karachi,APP Employees Co-operative Housing Society,24.928572,67.157725,2,2.153107472359483e-05
Karachi,Al-Safaa Garden,25.070455,67.013906,2,1.0765537361797415e-05
Karachi,Allama Iqbal Town,24.926879,67.026472,2,0.00862319542679973
Karachi,Blue Bell Residency,24.837117000000003,67.035573,2,1.0765537361797415e-05
Karachi,Chapal Skymark,24.844343,67.027389,2,1.0765537361797415e-05
Karachi,Dr Daud Pota Road,24.8503794033415,67.0350356528245,2,2.153107472359483e-05
Karachi,Gadap Road,25.053956,67.253365,2,1.0765537361797415e-05
Karachi,Gujjar Chowk,24.854426,67.08511,2,2.153107472359483e-05
Karachi,Gulistan-e-Malir,24.870283,67.178589,2,2.153107472359483e-05
Karachi,Gulshan-e-Malir,24.880438,67.179402,2,2.153107472359483e-05
Karachi,Javed Bahria Coopretive Housing Society,24.873725,66.912678,2,2.153107472359483e-05
Karachi,Malir Housing Scheme 1,24.887538,67.427639,2,2.153107472359483e-05
Karachi,Mangopir,24.98174,67.03590600000001,2,2.153107472359483e-05
Karachi,Sher Shah Suri Road,24.949571,67.05233150000001,2,2.153107472359483e-05
Karachi,Surti Muslim Co-Operative Housing Society,24.910215188904,67.19853155224601,2,1.0765537361797415e-05
Karachi,Times Residency,25.0096205,67.0530685,2,1.0765537361797415e-05
Karachi,Altaf Hussain Road,24.919284,66.961912,1,1.0765537361797415e-05
Karachi,Dhabeji,24.789435,67.521236,1,0.0
Karachi,Erum Villas,24.896713,67.076658,1,1.0765537361797415e-05
Karachi,Gobal Town,24.966257,67.088202,1,1.0765537361797415e-05
Karachi,Goth Ibrahim Haidri,24.792572,67.144605,1,1.0765537361797415e-05
Karachi,Gulshan-e-Ghazian,24.996614,67.135509,1,1.0765537361797415e-05
Karachi,Gulshan-e-Jami,24.911917000000003,67.19946999999999,1,1.0765537361797415e-05
Karachi,Hoshang Road,24.843565,67.031274,1,1.0765537361797415e-05
Karachi,Humaira Town,24.910078,67.20000300000001,1,1.0765537361797415e-05
Karachi,Jamaluddin Afghani Road,24.884039,67.064471,1,0.0
Karachi,Karachi Golf City,25.066076,67.481782,1,1.0765537361797415e-05
Karachi,"Karachi, Sindh",24.862336,67.01389300000001,1,1.0765537361797415e-05
Karachi,Mauripur Road,24.863855,66.98632099999999,1,1.0765537361797415e-05
Karachi,Nooriabad,25.158484,67.798475,1,1.0765537361797415e-05
Karachi,Old Clifton,24.817883,67.032915,1,1.0765537361797415e-05
Karachi,Old Queens Road,24.845359,67.002655,1,1.0765537361797415e-05
Karachi,Peoples Colony,24.945035,67.065446,1,1.0765537361797415e-05
Karachi,Royal Defence Tower,24.831493,67.079122,1,0.0
Karachi,Shahra-e-Jahangir,24.918598175049,67.073333740234,1,1.0765537361797415e-05
Karachi,Shahra-e-Liaquat,24.856768,67.016451,1,0.0
Lahore,DHA Defence,31.47006913369652,74.4230605206526,7388,0.1294017590888049
Lahore,Bahria Town,31.376431106508385,74.18506849053364,4800,0.04928463004230856
Lahore,Johar Town,31.465964672252067,74.2799520045833,1930,0.01598682298226916
Lahore,Allama Iqbal Town,31.51501893128318,74.28544572602803,1031,0.00862319542679973
Lahore,Askari,31.493282430918207,74.41694420293126,1013,0.008472477903734565
Lahore,State Life Housing Society,31.44568982250242,74.40234497780733,842,0.007255972181851457
Lahore,Wapda Town,31.43515904402428,74.2630981946591,784,0.006803819612655966
Lahore,Al Rehman Garden,31.592231091773733,74.31333422392422,749,0.00657774332805822
Lahore,Model Town,31.48115631966162,74.32306910389649,656,0.004930616111703216
Lahore,Gulberg,31.509057982492074,74.3482987149856,640,0.007977263185091885
Lahore,Samanabad,31.538744337145314,74.3043190799276,598,0.005296644382004328
Lahore,Paragon City,31.530920185313416,74.45633624283849,583,0.004919850574341418
Lahore,Cantt,31.515919591269988,74.40261854316896,536,0.013037065745136668
Lahore,Bahria Orchard,31.317750601766996,74.21783868507984,534,0.004499994617231319
Lahore,Sabzazar Scheme,31.52209216059084,74.26360350123367,477,0.003972483286503246
Lahore,Pak Arab Housing Society,31.431753613517166,74.34812849959134,430,0.0037248759271819054
Lahore,Gulshan-e-Ravi,31.550924539105647,74.28361786953387,407,0.0034665030304987673
Lahore,Eden,31.449957529653442,74.3118061858212,399,0.003434206418413375
Lahore,Township,31.45798691142779,74.30680908694079,394,0.003358847656880793
Lahore,Military Accounts Housing Society,31.421126615746466,74.28420108992418,385,0.0034665030304987673
Lahore,DHA 11 Rahbar,31.38894063154667,74.26004249554055,376,0.0033157855074336037
Lahore,Lalazaar Garden,31.5090699538818,74.24678747220396,360,0.00312200583492125
Lahore,Valencia Housing Society,31.40442978915638,74.25712804051948,339,0.0028959295503235044
Lahore,Lake City,31.355380941113413,74.25207652609343,308,0.002486839130575203
Lahore,Harbanspura,31.57451503859927,74.42180173322973,301,0.0025621978921077843
Lahore,Lahore Medical Housing Society,31.581877553264604,74.46359034364261,291,0.002605260041554974
Lahore,Park View Villas,31.45329511743666,74.20184390871404,274,0.0022499973086156596
Lahore,Punjab Coop Housing Society,31.458838312977097,74.37330533206107,262,0.002314590532786444
Lahore,Bedian Road,31.45760980360798,74.44314854138392,260,0.0015502373800988277
Lahore,Al-Kabir Town,31.341046186134616,74.21541052882044,258,0.0020239210240179137
Lahore,EME Society,31.43684271419382,74.21282016010093,256,0.0021208108602740906
Lahore,Tajpura,31.557544502927424,74.40147832296441,247,0.001765548127334776
Lahore,Canal Garden,31.393163599246222,74.1755541940062,242,0.0020669831734651035
Lahore,Jubilee Town,31.407837754015922,74.18068133738201,222,0.0019270311877617372
Lahore,Khayaban-e-Amin,31.36950530186002,74.26992277396,216,0.0018839690383145474
Lahore,Garden Town,31.502618748746727,74.32185438145636,213,0.001744017052611181
Lahore,Tariq Gardens,31.419737901141918,74.25445292888314,207,0.001744017052611181
Lahore,PIA Housing Scheme,31.447581678336405,74.27925739777216,203,0.001668658291078599
Lahore,GT Road,31.63014174249969,74.38548592351387,195,0.0019270311877617372
Lahore,Punjab Govt Employees Society,31.43396090499497,74.28603860877222,190,0.0017332515152493836
Lahore,Faisal Town,31.475838837730173,74.30520412837001,186,0.001636361678993207
Lahore,Multan Road,31.466347348384932,74.19919073826581,184,0.0014425820064808536
Lahore,Ferozepur Road,31.456072730582505,74.34864186646186,179,0.0013349266328628795
Lahore,Divine Gardens,31.50202102808989,74.4140727247191,178,0.001561002917460625
Lahore,Marghzar Officers Colony,31.503521261796188,74.24784120476325,173,0.0014641130812044483
Lahore,Bismillah Housing Scheme,31.59838605403243,74.48082093666537,172,0.0014964096932898407
Lahore,Canal Bank Housing Scheme,31.572453728205147,74.41299475270928,171,0.0014533475438426508
Lahore,Nishtar Colony,31.422202892661673,74.36440456057572,156,0.0014318164691190561
Lahore,Shershah Colony - Raiwind Road,31.410076257304215,74.22256841569283,152,0.0012380367966067026
Lahore,Cavalry Ground,31.500283376839793,74.36762449114764,149,0.001227271259244905
Lahore,Central Park Housing Scheme,31.32138075085713,74.38133250049391,149,0.0012595678713302975
Lahore,Canal View,31.478225091549298,74.25406119014086,142,0.001194974647159513
Lahore,Raiwind Road,31.38890158507652,74.22878477750099,137,0.0010334915867325517
Lahore,PCSIR Housing Scheme,31.456621413640935,74.26437861711067,133,0.0011088503482651337
Lahore,Shahdara,31.626818297064087,74.28173188597091,130,0.0010980848109033363
Lahore,Architects Engineers Housing Society,31.443495309941373,74.25948068270827,129,0.0009796638999235647
Lahore,Nasheman-e-Iqbal,31.423289899224805,74.25943465116278,129,0.0010980848109033363
Lahore,College Road,31.41916691229945,74.28269454764165,125,0.0010873192735415388
Lahore,BOR - Board of Revenue Housing Society,31.478452008403362,74.29684598319328,119,0.0010227260493707543
Lahore,Defence Road,31.39455764437802,74.22209292476386,119,0.001711720440525789
Lahore,Canal Fort II,31.58517600396522,74.49919704164044,118,0.0009796638999235647
Lahore,Izmir Town,31.41960866666667,74.18705629914531,117,0.0010119605120089568
Lahore,Main Canal Bank Road,31.47623911553081,74.30992031748924,116,0.0009366017504763751
Lahore,Lalazar,31.466600885964912,74.24532757017545,114,0.0013995198570336638
Lahore,Mughalpura,31.567872935644598,74.37894993503599,105,0.0010011949746471596
Lahore,Aashiana Road,31.42909961729962,74.37900259250236,103,0.0008935396010291853
Lahore,Taj Bagh Scheme,31.563047273010714,74.41438640945346,103,0.0008504774515819957
Lahore,Walton Road,31.477955831350876,74.35820715428132,102,0.0007966497647730087
Lahore,Ichhra,31.53341596108565,74.31647310224066,101,0.0008504774515819957
Lahore,Islampura,31.56628158369884,74.29895889754897,101,0.0007966497647730087
Lahore,Harbanspura Road,31.58024489986234,74.40642888492333,100,0.0008504774515819957
Lahore,Green Town,31.434741999999996,74.30472893548388,93,0.001194974647159513
Lahore,Labor Colony,31.403960000000005,74.214497,92,0.0003014350461303276
Lahore,Revenue Society,31.450578123849738,74.28845689811412,92,0.0008181808394966035
Lahore,Daroghewala,31.588349488457666,74.40098219355473,90,0.0007643531526876164
Lahore,Baghbanpura,31.584619009112608,74.37306852558469,87,0.0006782288537932371
Lahore,Shadab Garden,31.422779237323425,74.35510787113714,87,0.0006782288537932371
Lahore,Green Cap Housing Society,31.39866979820012,74.35493212828962,82,0.0006997599285168319
Lahore,Shah Jamal,31.52759336912542,74.32950480716694,81,0.0006351667043460475
Lahore,Fateh Garh,31.571164948156053,74.40238102891597,77,0.0005598079428134655
Lahore,NFC 1,31.41698434694104,74.26899843517987,77,0.0007105254658786293
Lahore,Shadbagh,31.602446299218986,74.34011749483716,76,0.0006136356296224526
Lahore,Ghous Garden,31.586274753424657,74.47911936986301,73,0.0006566977790696423
Lahore,Kahna,31.37350963285542,74.36261244874095,71,0.0006459322417078448
Lahore,Bahria Nasheman,31.3199884438315,74.40285152615176,68,0.0005705734801752629
Lahore,Abdalians Cooperative Housing Society,31.455943548935196,74.26855002832123,67,0.0005813390175370604
Lahore,Sui Gas Housing Society,31.450041104477616,74.38974844776119,67,0.0005921045548988577
Lahore,Chungi Amar Sadhu,31.449949461938836,74.35441778512599,66,0.0005921045548988577
Lahore,Bankers Co-operative Housing Society,31.450073460317462,74.39466520634922,63,0.0005382768680898707
Lahore,Gulshan-e-Lahore,31.424589809523813,74.25246825396825,63,0.0005705734801752629
Lahore,Iqbal Park,31.589839831189373,74.31159729990169,62,0.0005598079428134655
Lahore,Manawan,31.590873159328805,74.47835530602373,61,0.0005059802560044784
Lahore,Nawab Town,31.45266913407595,74.24907267901304,60,0.0004736836439190862
Lahore,Al Hafeez Gardens,31.589076103448278,74.47581227586207,58,0.0005167457933662759
Lahore,Clifton Colony,31.52082496363636,74.30242481818182,55,0.000441387031833694
Lahore,Nishat Colony,31.496091092592593,74.39323399999999,54,0.00041985595711009914
Lahore,Green City,31.52039403773585,74.46099679245283,53,0.0004629181065572888
Lahore,Iqbal Avenue,31.440258452830193,74.25100571698114,53,0.00040909041974830174
Lahore,Punjab University Employees Society,31.42909512758421,74.23866584351968,53,0.00040909041974830174
Lahore,Punjab Small Industries Colony,31.476512,74.418805,52,0.00043062149447189654
Lahore,Al Faisal Town,31.550566645867566,74.4039880170021,51,0.00041985595711009914
Lahore,OPF Housing Scheme,31.4224753752351,74.23863614670292,51,0.00043062149447189654
Lahore,Omega Homes,31.61708176476051,74.21749722490958,51,0.0004629181065572888
Lahore,Alfalah Town,31.4825482410963,74.41918572286808,50,0.00043062149447189654
Lahore,Audit & Accounts Housing Society,31.397964460000004,74.27065601999999,50,0.00040909041974830174
Lahore,Lahore Garden Housing Scheme,31.5905539375,74.20821906249999,48,0.00036602827030111207
Lahore,Mustafa Town,31.49507559091368,74.27330319727632,47,0.00041985595711009914
Lahore,New Muslim Town,31.51188628721622,74.31313388142664,45,0.000312200583492125
Lahore,Sukh Chayn Gardens,31.39192608888889,74.16005386666667,45,0.00036602827030111207
Lahore,Band Road,31.53790016162212,74.27356854770427,44,0.000312200583492125
Lahore,Airline Housing Society,31.443226730740466,74.2663793709699,43,0.0003767938076629095
Lahore,Gosha-e-Ahbab,31.484160065047003,74.27727966750082,42,0.0003229661208539224
Lahore,Hassan Town,31.505541314759142,74.26516464372642,42,0.00039832488238650433
Lahore,Awan Town,31.503463017212436,74.26019895100283,41,0.0004736836439190862
Lahore,Hamza Town,31.406082880627565,74.3578204441766,41,0.00034449719557751727
Lahore,Super Town,31.492577999999998,74.373529,41,0.00035526273293931467
Lahore,UET Housing Society,31.40847802896212,74.27210020977269,41,0.000312200583492125
Lahore,Airport Road,31.490540925943975,74.41453170909176,40,0.0004736836439190862
Lahore,Dream Avenue Lahore,31.402889181771847,74.23614281901855,40,0.00036602827030111207
Lahore,Rizwan Garden Scheme,31.584568,74.47377907500001,40,0.00033373165821571986
Lahore,Sami Town,31.56712,74.413107,40,0.00035526273293931467
Lahore,Upper Mall,31.542114000000005,74.35589789999999,40,0.0003229661208539224
Lahore,Formanites Housing Scheme,31.447089754047102,74.41361683044121,39,0.00034449719557751727
Lahore,Garhi Shahu,31.5660616575589,74.34377987504814,39,0.00035526273293931467
Lahore,Sanda,31.562303771037385,74.28622344946038,39,0.00036602827030111207
Lahore,Judicial Colony,31.46164784533787,74.24518156979998,38,0.00035526273293931467
Lahore,Lahore Motorway City,31.643500815789473,74.20992226315789,38,0.00026913843404493534
Lahore,Palm Villas,31.587007578947375,74.49510073684212,38,0.00027990397140673274
Lahore,Punjab Govt Servant Society,31.405245197924685,74.16320033743169,38,0.0003014350461303276
Lahore,Zaheer Villas,31.416929078947373,74.28738307894737,38,0.00036602827030111207
Lahore,Habibullah Road,31.55862038273992,74.34390538462046,37,0.00036602827030111207
Lahore,Hajvery Housing Scheme,31.573160999999995,74.448981,37,0.0002906695087685302
Lahore,Rehmanpura (Ferozpur Road),31.52177427370692,74.31990288864084,37,0.00033373165821571986
Lahore,Shalimar Link Road,31.57253152426554,74.38098940490775,37,0.00033373165821571986
Lahore,Rasool Park,31.540893495734228,74.31063412790026,35,0.0003229661208539224
Lahore,Al-Hamad Colony (AIT),31.522627000000004,74.30465,34,0.0002906695087685302
Lahore,Sharaqpur Road,31.485627,74.121572,34,0.00025837289668313794
Lahore,IEP Engineers Town,31.40418790909091,74.2915796969697,33,0.00027990397140673274
Lahore,Mansoorah,31.492152717267277,74.26531293711604,33,0.00027990397140673274
Lahore,Muslim Town,31.587216423658152,74.28450433707734,33,0.0023038249954246467
Lahore,Zaitoon - New Lahore City,31.347964575757576,74.14252387878788,33,0.0003014350461303276
Lahore,Prime Homes 1,31.427708000000003,74.24672199999999,32,0.00024760735932134053
Lahore,Thokar Niaz Baig,31.47122606969947,74.24135856475175,32,0.00026913843404493534
Lahore,Salamatpura,31.5828491129859,74.41700904665448,31,0.00026913843404493534
Lahore,Shalimar Town,31.587739432786034,74.38561203070907,31,0.00024760735932134053
Lahore,Wahdat Road,31.506384771851387,74.29339215278578,31,0.000312200583492125
Lahore,Elite Town,31.342062633333335,74.3714763,30,0.0002368418219595431
Lahore,Lawrence Road,31.554649366666663,74.32536013333332,30,0.0002260762845977457
Lahore,Sham Nagar,31.556440829205766,74.2947711024859,30,0.00020454520987415087
Lahore,Gajju Matah,31.38635271297369,74.365457110362,29,0.00019377967251235347
Lahore,Kamahan Road,31.454618015654447,74.36824899951172,29,0.0002260762845977457
Lahore,New Super Town,31.495704886126276,74.37731441594767,29,0.00021531074723594827
Lahore,Shadman 1,31.53744649260448,74.33070461911645,29,0.0002260762845977457
Lahore,Azam Gardens,31.487800423696033,74.26550833166775,28,0.0002368418219595431
Lahore,Mateen Avenue,31.441992,74.291389,28,0.00027990397140673274
Lahore,Mozang,31.553737232762963,74.31544514853465,28,0.00021531074723594827
Lahore,Shama Road,31.540836957114607,74.31468897527768,28,0.0002368418219595431
Lahore,Sunfort Gardens,31.446239,74.252808,28,0.00024760735932134053
Lahore,Al Hamad Colony,31.57021396296296,74.28147288888889,27,0.00021531074723594827
Lahore,New Chauburji Park,31.549878886662594,74.29544787554073,27,0.00025837289668313794
Lahore,Sheraz Town,31.42630089069733,74.28958004810474,27,0.00019377967251235347
Lahore,T & T Aabpara Housing Society,31.413532034411038,74.24015710138593,27,0.0002368418219595431
Lahore,Walled City,31.582991610405518,74.31639154460166,27,0.00019377967251235347
Lahore,Islam Nagar,31.493121730769232,74.37018038461538,26,0.0002260762845977457
Lahore,Ali Alam Garden,31.586070319999997,74.46131112,25,0.0002260762845977457
Lahore,Ashiana-e-Quaid Housing Scheme,31.425434113746796,74.3840120752472,25,0.0002260762845977457
Lahore,Chinar Bagh,31.323638920000004,74.24461832,25,0.00021531074723594827
Lahore,Peco Road,31.465477016944323,74.34068202787597,25,0.0002368418219595431
Lahore,Ali View Park,31.49426204166667,74.40018691666667,24,0.00021531074723594827
Lahore,Eden Avenue Extension,31.499481,74.418277,24,0.0002260762845977457
Lahore,Garrison Homes,31.565267375,74.43834983333333,24,0.00017224859778875863
Lahore,Kot Lakhpat,31.451245075115626,74.33278100093442,24,0.00013995198570336637
Lahore,Rehan Garden,31.345320514628998,74.37897557722347,24,0.00021531074723594827
Lahore,Sajid Garden,31.58398,74.461377,24,0.00017224859778875863
Lahore,Al-Hamd Park,31.501251913043482,74.25757508695652,23,0.00017224859778875863
Lahore,Highcourt Society,31.433039919915085,74.29197727138799,23,0.0002260762845977457
Lahore,Islamia Park,31.548443365597,74.3034070964354,23,0.0002260762845977457
Lahore,Madina Colony,31.49119676184596,74.36145192564257,23,0.0002260762845977457
Lahore,Al Jalil Garden,31.592656847608772,74.21463310108577,22,0.00019377967251235347
Lahore,Dharampura,31.554469602088457,74.3666318095936,22,0.00017224859778875863
Lahore,Lahore - Islamabad Motorway,31.615205454545457,74.21104845454546,22,0.00019377967251235347
Lahore,PCSIR Staff Colony,31.4308295,74.28621781818181,22,0.0002260762845977457
Lahore,Rana Town,31.685596,74.27169818181818,22,0.0001507175230651638
Lahore,Rustam Park,31.544218,74.29249418181817,22,0.0001507175230651638
Lahore,Saiden Shah Colony,31.541227000000003,74.35941700000001,22,0.0001614830604269612
Lahore,Sant Nagar,31.56956156252218,74.29561378886272,22,0.00020454520987415087
Lahore,Canal Burg,31.475302000000003,74.2446711904762,21,0.00018301413515055604
Lahore,China Scheme,31.5995543991641,74.36397749302458,21,0.00020454520987415087
Lahore,Government Employees Cooperative Housing Society (GECHS),31.46513919487524,74.31919302259195,21,0.00018301413515055604
Lahore,Mehar Fayaz Colony,31.576632,74.40516171428573,21,0.0001614830604269612
Lahore,Ittifaq Town,31.492590509885453,74.25207568279495,20,0.00017224859778875863
Lahore,LDA Avenue,31.41277455,74.20927409999999,20,0.0001507175230651638
Lahore,Shadman 2,31.53516596450795,74.33714124786654,20,0.0002906695087685302
Lahore,Shoukat Town,31.45868605,74.35933095000001,20,0.00018301413515055604
Lahore,TECH Society,31.48516424153445,74.28173755671385,20,0.0001507175230651638
Lahore,Al-Hafiz Town,31.508587062489894,74.24916194876248,19,9.688983625617673e-05
Lahore,Bagarian,31.42578324689032,74.29604326848005,19,0.0001507175230651638
Lahore,Fazaia Housing Scheme,31.371078605222735,74.24168532639837,19,0.001765548127334776
Lahore,Shalimar Housing Scheme,31.582611999999997,74.416838,19,0.00017224859778875863
Lahore,Al Kareem Garden,31.589437505078333,74.45233123308856,18,0.00010765537361797414
Lahore,Cricketer Villas,31.495427,74.423858,18,0.00013995198570336637
Lahore,HBFC Housing Society,31.456566944444447,74.40906944444446,18,0.00012918644834156897
Lahore,Ittehad Colony,31.527593055555556,74.28770494444444,18,0.0001507175230651638
Lahore,Jail Road,31.540184111111117,74.33473516666666,18,0.0001614830604269612
Lahore,Al-Jannat Housing Society - Kahna,31.360189419244467,74.38478925524687,17,0.00013995198570336637
Lahore,Badami Bagh,31.601608588235294,74.32134717647058,17,0.00013995198570336637
Lahore,Eden Villas,31.46607973366206,74.31056576042494,17,0.00017224859778875863
Lahore,Ghausia Colony,31.483378000000002,74.36101517647059,17,0.00013995198570336637
Lahore,Ghaziabad,31.557225533664237,74.39437353475817,17,0.0001614830604269612
Lahore,Grand Avenues Housing Scheme,31.33795,74.38132399999999,17,0.0001614830604269612
Lahore,Shah Kamal Road,31.526044625947822,74.30734584357765,17,0.00012918644834156897
Lahore,Wassanpura,31.59058247202065,74.33702163152883,17,0.00013995198570336637
Lahore,West Wood Housing Society,31.465721810302707,74.23777688488047,17,0.00013995198570336637
Lahore,Ali View Garden,31.4893220625,74.4068440625,16,0.00012918644834156897
Lahore,Allama Iqbal Road,31.559221088285184,74.3511413298615,16,0.00013995198570336637
Lahore,Habib Homes,31.463074,74.321506,16,0.00012918644834156897
Lahore,Krishan Nagar,31.567419881515498,74.29189745434574,16,0.00013995198570336637
Lahore,Ring Road,31.546687809593188,74.43302235110475,16,0.00012918644834156897
Lahore,AWT Army Welfare Trust,31.356531800000003,74.21042493333334,15,0.00013995198570336637
Lahore,Bankers Town,31.448371,74.391315,15,0.00012918644834156897
Lahore,Bhatta Chowk,31.487440873950202,74.41206023990887,15,7.53587615325819e-05
Lahore,Chah Miran,31.58952312604167,74.34501458212893,15,0.00012918644834156897
Lahore,Naz Town,31.4014943734136,74.26661596375726,15,0.00013995198570336637
Lahore,Riwaz Garden,31.559776898543266,74.303271438444,15,0.00012918644834156897
Lahore,Sahafi Colony,31.577371000000003,74.44632699999998,15,0.00013995198570336637
Lahore,Green Acres Housing Society,31.410498,74.237695,14,2.153107472359483e-05
Lahore,Infantry Road,31.531951857142854,74.3685715,14,0.00013995198570336637
Lahore,Khayaban-e-Quaid,31.493442357142857,74.24729964285714,14,8.612429889437932e-05
Lahore,Mohafiz Town,31.434999393075646,74.23406794188921,14,0.00011842091097977155
Lahore,Ravi Road,31.594076785714286,74.30269842857142,14,0.00013995198570336637
Lahore,Rehman Gardens,31.486851,74.408146,14,0.00020454520987415087
Lahore,Sarwar Town,31.50676396130371,74.24655382240515,14,8.612429889437932e-05
Lahore,Zubaida Park,31.532236,74.29082592857142,14,0.00013995198570336637
Lahore,Acro Green - Bankers Avenue,31.437103000000004,74.482945,13,0.00012918644834156897
Lahore,Aitchison Society,31.45781006854492,74.25337709367085,13,0.00010765537361797414
Lahore,Ali Town,31.463563,74.245571,13,0.0002368418219595431
Lahore,Dubai Town,31.41416123076923,74.23194307692307,13,0.00013995198570336637
Lahore,Kacha Jail Road,31.45112354699692,74.34394058203569,13,0.00012918644834156897
Lahore,Rail Town (Canal City),31.442333707056385,74.20508102243515,13,0.00010765537361797414
Lahore,Raj Garh,31.558799688271694,74.29797331692232,13,0.00011842091097977155
Lahore,Salli Town,31.555498932551465,74.41246002516523,13,9.688983625617673e-05
Lahore,Sodiwal,31.651530666705305,74.11310900461362,13,9.688983625617673e-05
Lahore,Wahdat Colony,31.515703,74.30730307692308,13,7.53587615325819e-05
Lahore,Abdali Road,31.568747,74.29299083333333,12,0.00010765537361797414
Lahore,Beacon House Society,31.36184607698567,74.22122996276859,12,7.53587615325819e-05
Lahore,Bilal Gunj,31.580583083333334,74.30143816666667,12,0.00010765537361797414
Lahore,Fort Villas,31.486064083333332,74.37807133333332,12,8.612429889437932e-05
Lahore,Gul-e-Damin,31.426685916666667,74.28464408333333,12,0.00010765537361797414
Lahore,National Town,31.561497,74.291997,12,9.688983625617673e-05
Lahore,New Canal Park,31.567377000000004,74.41558333333333,12,0.00010765537361797414
Lahore,P & D Housing Society,31.424650180542002,74.19140585229492,12,7.53587615325819e-05
Lahore,Sunny Park,31.452755,74.258437,12,0.00011842091097977155
Lahore,Wafaqi Colony,31.47669369372308,74.27431964950934,12,8.612429889437932e-05
Lahore,Bhatti Colony,31.468716000000004,74.3198490909091,11,9.688983625617673e-05
Lahore,Green Park,31.503762999999996,74.243489,11,8.612429889437932e-05
Lahore,Immad Garden Housing Scheme,31.358656999999997,74.3778,11,9.688983625617673e-05
Lahore,Jinnah Colony,31.429569454545458,74.3661530909091,11,0.0001614830604269612
Lahore,Makkah Colony,31.499750909090906,74.355125,11,9.688983625617673e-05
Lahore,Mian Mir Colony,31.543577000000003,74.36100545454546,11,8.612429889437932e-05
Lahore,Rajgarh Road,31.559831999999997,74.301233,11,0.00010765537361797414
Lahore,Sue-e-Asal,31.308362920334545,74.39563395326863,11,6.459322417078448e-05
Lahore,Sultan Town,31.460297,74.240441,11,8.612429889437932e-05
Lahore,Tarogill,31.363501,74.208896,11,2.153107472359483e-05
Lahore,Chaman Park,31.567912,74.399192,10,8.612429889437932e-05
Lahore,Dubban Pura,31.517867537900496,74.2728501230889,10,5.382768680898707e-05
Lahore,Guldasht Town,31.54386182229,74.4196696274414,10,8.612429889437932e-05
Lahore,Madina Town,31.56982,74.425133,10,0.0013456921702246767
Lahore,Mian Amiruddin Park,31.553758,74.405465,10,8.612429889437932e-05
Lahore,Misri Shah,31.5843118622979,74.33883529182631,10,6.459322417078448e-05
Lahore,Mohlanwal Road,31.4262092,74.1779428,10,8.612429889437932e-05
Lahore,Pakki Thatti,31.5318054169823,74.2941724565311,10,8.612429889437932e-05
Lahore,Sanda Road,31.5618721409739,74.3012915041698,10,7.53587615325819e-05
Lahore,Shah Faisal Road,31.530989843081603,74.29420991450351,10,7.53587615325819e-05
Lahore,Shera Kot,31.540747,74.27751090000001,10,5.382768680898707e-05
Lahore,Tricon Village,31.409618899999998,74.16612540000001,10,9.688983625617673e-05
Lahore,Zaman Colony,31.495177,74.37139,10,8.612429889437932e-05
Lahore,Ahmad Avenue,31.44525,74.29276177777778,9,7.53587615325819e-05
Lahore,Al-Amin Housing Society,31.480609,74.42101,9,7.53587615325819e-05
Lahore,Angoori Bagh,31.58263,74.384136,9,8.612429889437932e-05
Lahore,Batapur,31.59230066666667,74.48634122222224,9,6.459322417078448e-05
Lahore,Bhogiwal Road,31.585942222222222,74.36871766666667,9,7.53587615325819e-05
Lahore,Chohan Road,31.790735482766777,74.14957852902555,9,8.612429889437932e-05
Lahore,Davis Road,31.556638850571556,74.34011059028,9,8.612429889437932e-05
Lahore,Dogech,31.548608844065004,74.42210546408599,9,9.688983625617673e-05
Lahore,Jallo Park Road,31.57901511111111,74.48308,9,8.612429889437932e-05
Lahore,Jora Pull,31.548843596206446,74.40787120389133,9,5.382768680898707e-05
Lahore,Katar Bund Road,31.474503000000002,74.231476,9,8.612429889437932e-05
Lahore,Lahore Press Club Housing Scheme,31.579872090498114,74.45039366509201,9,7.53587615325819e-05
Lahore,Nadeem Town,31.499873999999995,74.26253,9,6.459322417078448e-05
Lahore,New Shah Kamal Colony,31.525563222222225,74.31192566666667,9,9.688983625617673e-05
Lahore,Outfall Road,31.57377493341411,74.294233753237,9,6.459322417078448e-05
Lahore,Sunflower Housing Society,31.471406,74.253759,9,8.612429889437932e-05
Lahore,Youhanabad,31.411377,74.36525300000001,9,6.459322417078448e-05
Lahore,Ahmad Housing Society,31.48983737822375,74.24818072311588,8,8.612429889437932e-05
Lahore,Al-Raheem Garden,31.596761125,74.473922,8,6.459322417078448e-05
Lahore,Bahadurabad,31.45156,74.377321,8,5.382768680898707e-05
Lahore,Bahar Colony,31.471209771784004,74.34020130613914,8,0.00010765537361797414
Lahore,Chauburji Chowk,31.553813092938753,74.30464235709188,8,7.53587615325819e-05
Lahore,Chauburji Park Road,31.552427875000003,74.29950737499999,8,8.612429889437932e-05
Lahore,Dholanwal,31.530507601469125,74.28263426778987,8,6.459322417078448e-05
Lahore,Doctors Housing Society,31.46113920986938,74.23367413696288,8,0.00010765537361797414
Lahore,Gulshan Colony,31.471644,74.351084,8,0.00011842091097977155
Lahore,Gulshan Park,31.571340000000003,74.394071,8,6.459322417078448e-05
Lahore,Hameedpura,31.576017250000003,74.401617625,8,6.459322417078448e-05
Lahore,Hanif Park Harbanspura,31.572468750000002,74.42865675,8,8.612429889437932e-05
Lahore,Kacha Ferozepur Road,31.542643,74.309937,8,5.382768680898707e-05
Lahore,Kahna Kacha,31.390868312583375,74.32050969695312,8,4.306214944718966e-05
Lahore,Pak Park,31.49976714592538,74.24279305656675,8,7.53587615325819e-05
Lahore,Rehman City - Phase 4,31.579365000000003,74.25831,8,7.53587615325819e-05
Lahore,Rehman Park,31.547266,74.282459,8,5.382768680898707e-05
Lahore,Sadaat Town,31.47201,74.425628,8,6.459322417078448e-05
Lahore,Saidpur,31.518877000000003,74.275795,8,7.53587615325819e-05
Lahore,Shadipura,31.599153125,74.403948625,8,5.382768680898707e-05
Lahore,Altaf Colony,31.55346,74.42452,7,4.306214944718966e-05
Lahore,Begampura,31.58072893298343,74.36181948660715,7,4.306214944718966e-05
Lahore,Bhagatpura,31.604035944650573,74.35146014753744,7,6.459322417078448e-05
Lahore,Civil Defence,31.490915,74.387413,7,5.382768680898707e-05
Lahore,Cooper Road,31.562817,74.32728014285715,7,1.0765537361797415e-05
Lahore,Eden Place Housing Scheme,31.394949,74.31860999999999,7,7.53587615325819e-05
Lahore,Jaffaria Colony,31.538164,74.2805392857143,7,7.53587615325819e-05
Lahore,Jallo,31.582246,74.49631214285714,7,6.459322417078448e-05
Lahore,Jamil Town,31.519398,74.27002399999999,7,6.459322417078448e-05
Lahore,Lahore Canal Bank Cooperative Housing Society,31.472272910386717,74.25427259163358,7,6.459322417078448e-05
Lahore,Mall Road,31.557392017334003,74.33150278606298,7,6.459322417078448e-05
Lahore,Manga Mandi,31.316044575868574,74.08345590246901,7,2.153107472359483e-05
Lahore,Model Colony,31.499216,74.349013,7,9.688983625617673e-05
Lahore,Muslim Nagar Housing Scheme,31.351814753326142,74.22970507982429,7,7.53587615325819e-05
Lahore,Nadeem Shaheed Road,31.522990000000004,74.29809300000001,7,5.382768680898707e-05
Lahore,PASSCO Housing Society,31.45545606578886,74.22620147746872,7,4.306214944718966e-05
Lahore,Poonch Road,31.536209000000003,74.299921,7,6.459322417078448e-05
Lahore,Shanghai Road,31.454513201412997,74.375491012447,7,6.459322417078448e-05
Lahore,Singhpura,31.581630359855,74.36517134175442,7,6.459322417078448e-05
Lahore,Aabpara Coop Housing Society,31.443685,74.205662,6,5.382768680898707e-05
Lahore,Abdullah Town,31.495099,74.24091,6,5.382768680898707e-05
Lahore,Ahbab Colony,31.485343763643836,74.25018918141284,6,5.382768680898707e-05
Lahore,Al Noor Town,31.475310254004835,74.3592843714175,6,5.382768680898707e-05
Lahore,Al-Hamd Garden,31.613526500000003,74.24849166666667,6,4.306214944718966e-05
Lahore,Ameer-ud-Din Park,31.553707,74.40623000000001,6,4.306214944718966e-05
Lahore,Asim Town,31.572519166666666,74.44211849999999,6,6.459322417078448e-05
Lahore,Azeem Garden Shahdara,31.66839230016633,74.26368414091483,6,4.306214944718966e-05
Lahore,Eden Park,31.374046000000003,74.2138,6,4.306214944718966e-05
Lahore,Farooq Colony,31.478253256547003,74.36114495172633,6,4.306214944718966e-05
Lahore,Gulbahar Park,31.453706999999998,74.228239,6,5.382768680898707e-05
Lahore,Karim Park,31.590234292745,74.30036360555016,6,5.382768680898707e-05
Lahore,Land Breeze Housing Society,31.418695,74.22756,6,2.153107472359483e-05
Lahore,Qadri Colony,31.4848199020385,74.36747063126633,6,2.153107472359483e-05
Lahore,Qilla Gujjar Singh,31.568590000000004,74.33092083333332,6,4.306214944718966e-05
Lahore,Rehman Villas,31.484966833333335,74.4104,6,0.00011842091097977155
Lahore,Saggian,31.601092370536502,74.24106333078517,6,5.382768680898707e-05
Lahore,Saggian Wala Bypass Road,31.598821166666667,74.25358433333334,6,3.229661208539224e-05
Lahore,Sheikhupura Road,31.49594237659733,74.13033496770484,6,5.382768680898707e-05
Lahore,Shiraz Villas,31.495189166666666,74.36397166666667,6,5.382768680898707e-05
Lahore,Sultan Pura,31.581615000000003,74.341853,6,5.382768680898707e-05
Lahore,Walton Railway Officers Colony,31.487950471164336,74.35596294505116,6,5.382768680898707e-05
Lahore,Abdul Sattar Edhi Road,31.4561858650558,74.2368490934722,5,2.153107472359483e-05
Lahore,Al Hamra Town,31.448106000000003,74.25705699999999,5,4.306214944718966e-05
Lahore,Ameen Park,31.586834000000003,74.29482900000001,5,2.153107472359483e-05
Lahore,Anarkali,31.5714792,74.310126,5,4.306214944718966e-05
Lahore,Divine Homes,31.493338,74.416925,5,5.382768680898707e-05
Lahore,Education Town,31.494335,74.26878,5,4.306214944718966e-05
Lahore,Faiz Bagh,31.5831418,74.33332320000001,5,3.229661208539224e-05
Lahore,Green Fort,31.439011,74.204862,5,2.153107472359483e-05
Lahore,Green Park Society,31.488165,74.41930699999999,5,5.382768680898707e-05
Lahore,Gujjarpura,31.546805271045002,74.42571059638679,5,3.229661208539224e-05
Lahore,Gulshan-e-Ahbab,31.492908,74.259142,5,3.229661208539224e-05
Lahore,Hakim Town,31.418273199999998,74.29391919999999,5,5.382768680898707e-05
Lahore,Kharak,31.507214999999995,74.2648484,5,2.153107472359483e-05
Lahore,Khayaban-e-Jinnah Road,31.436474895687002,74.26094055154,5,5.382768680898707e-05
Lahore,Lahore - Jaranwala Road,31.5717688,74.1977626,5,4.306214944718966e-05
Lahore,Lahore - Kasur Road,31.387089277072597,74.36757439669479,5,3.229661208539224e-05
Lahore,Malik Park,31.5775124,74.29268640000001,5,3.229661208539224e-05
Lahore,Mehmood Booti,31.604562231314798,74.39404988656,5,4.306214944718966e-05
Lahore,Millat Road,31.527710000000003,74.292579,5,0.0007858842274112112
Lahore,Mohni Road,31.582782200000004,74.3025868,5,5.382768680898707e-05
Lahore,Mominpura Road,31.598287,74.413291,5,4.306214944718966e-05
Lahore,Nazir Garden Society,31.578024,74.467807,5,3.229661208539224e-05
Lahore,Nisbat Road,31.569596,74.321026,5,5.382768680898707e-05
Lahore,Nizamabad,31.5553364272706,74.3993782167968,5,4.306214944718966e-05
Lahore,Pir Naseer,31.560704999999995,74.4325116,5,4.306214944718966e-05
Lahore,Qazi Town,31.59495,74.470518,5,5.382768680898707e-05
Lahore,Queens Road,31.554326481417604,74.3204353143268,5,5.382768680898707e-05
Lahore,Race Course Road,31.549223,74.33247,5,5.382768680898707e-05
Lahore,Rajpoot Town,31.450998400000003,74.21509060000001,5,4.306214944718966e-05
Lahore,Ravi Park,31.595315000000006,74.30650200000001,5,3.229661208539224e-05
Lahore,Rifle Range Road,31.489277000000005,74.376471,5,5.382768680898707e-05
Lahore,Royal Garden,31.573791,74.45408,5,3.229661208539224e-05
Lahore,Sher Shah Road,31.593867999999997,74.357405,5,5.382768680898707e-05
Lahore,Sufiabad,31.424854800000002,74.36697,5,4.306214944718966e-05
Lahore,Sui Gas Employees Cooperative Housing Society,31.421172000000002,74.176819,5,5.382768680898707e-05
Lahore,Swami Nagar,31.578461999999995,74.346285,5,4.306214944718966e-05
Lahore,TIP Housing Society,31.384746,74.261613,5,2.153107472359483e-05
Lahore,Toheed Park,31.550653425239204,74.2921845161868,5,4.306214944718966e-05
Lahore,UBL Housing Society,31.473125800000002,74.41357239999999,5,3.229661208539224e-05
Lahore,Venus Housing Scheme,31.435546999999996,74.34876,5,3.229661208539224e-05
Lahore,Zaman Park,31.551733000000002,74.352636,5,5.382768680898707e-05
Lahore,Adan Villas,31.57874625,74.4655245,4,3.229661208539224e-05
Lahore,Afzal Park,31.573847,74.427051,4,3.229661208539224e-05
Lahore,Allama Iqbal Intl Airport,31.52148275,74.406797,4,4.306214944718966e-05
Lahore,Babu Sabu,31.541236,74.269202,4,4.306214944718966e-05
Lahore,Dream Villas,31.426681689935002,74.2514416744285,4,3.229661208539224e-05
Lahore,GOR,31.543431,74.34422525,4,3.229661208539224e-05
Lahore,Gohawa,31.492432,74.427974,4,3.229661208539224e-05
Lahore,Gulbahar Colony,31.500117,74.359753,4,8.612429889437932e-05
Lahore,Gulfishan Colony,31.5466652095275,74.2932318417725,4,0.0002906695087685302
Lahore,Gulistan Colony,31.454073,74.35645600000001,4,0.0005813390175370604
Lahore,Heaven Homes,31.43101425334875,74.24416084949375,4,4.306214944718966e-05
Lahore,Islamabad Colony,31.528161260549002,74.29771528636026,4,2.153107472359483e-05
Lahore,Jaffar Town,31.447703000000004,74.253495,4,4.306214944718966e-05
Lahore,Jati Umra Road,31.350707,74.22883900000001,4,1.0765537361797415e-05
Lahore,Kot Khawaja Saeed,31.592302237648,74.3526045325565,4,3.229661208539224e-05
Lahore,Kotli Abdur Rahman,31.578097,74.391603,4,3.229661208539224e-05
Lahore,Manga - Raiwind Road,31.253690250000002,74.19314275,4,3.229661208539224e-05
Lahore,Mohlanwal,31.40744925,74.14065375,4,2.153107472359483e-05
Lahore,Nain Sukh,31.602584000000004,74.24651899999999,4,2.153107472359483e-05
Lahore,New Samanabad,31.535401,74.306508,4,4.306214944718966e-05
Lahore,PIA Main Boulevard,31.44816150566275,74.28179232265549,4,3.229661208539224e-05
Lahore,Peer Colony,31.4821075,74.36558550000001,4,4.306214944718966e-05
Lahore,Royal Residencia,31.395979,74.313149,4,3.229661208539224e-05
Lahore,Sally Town South,31.557084000000003,74.413786,4,4.306214944718966e-05
Lahore,Shah Di Khoi,31.4776429185875,74.29656912649776,4,3.229661208539224e-05
Lahore,Shah Khawar Town,31.483173,74.41254599999999,4,4.306214944718966e-05
Lahore,Shahkam Chowk,31.401787170762,74.17430565126125,4,4.306214944718966e-05
Lahore,Shershah Colony - Ichra,31.536335,74.321308,4,3.229661208539224e-05
Lahore,Sherwani Town Housing Scheme,31.42617275,74.3424215,4,3.229661208539224e-05
Lahore,Shuja Road,31.519558,74.310112,4,4.306214944718966e-05
Lahore,Tariq Ismail Road,31.429436,74.24382,4,4.306214944718966e-05
Lahore,Temple Road,31.556795380928502,74.31665535576225,4,2.153107472359483e-05
Lahore,UMT Society,31.452306,74.2939455,4,3.229661208539224e-05
Lahore,Wapda Colony,31.538237,74.358001,4,3.229661208539224e-05
Lahore,Waris Road,31.548423,74.319806,4,2.153107472359483e-05
Lahore,Abid Market,31.553670999999998,74.315586,3,3.229661208539224e-05
Lahore,Al Fajar Society,31.315039,74.37325200000001,3,3.229661208539224e-05
Lahore,Al Jannat Housing Scheme,31.431346333333334,74.22012333333333,3,3.229661208539224e-05
Lahore,Al Rahim Homes,31.480575,74.296239,3,2.153107472359483e-05
Lahore,Al-Falah Cooperative Housing Society,31.398386,74.49425066666667,3,3.229661208539224e-05
Lahore,Al-Raziq Garden,31.559283000000004,74.184612,3,1.0765537361797415e-05
Lahore,Amina Park,31.489185000000003,74.249303,3,3.229661208539224e-05
Lahore,Asif Colony,31.596796,74.38580999999999,3,3.229661208539224e-05
Lahore,Atari Saroba,31.429121999999996,74.369925,3,2.153107472359483e-05
Lahore,Azadi Chowk,31.591979,74.30533199999999,3,3.229661208539224e-05
Lahore,Beadon Road,31.564148,74.321737,3,2.153107472359483e-05
Lahore,Chaudhary Colony,31.529861,74.303155,3,3.229661208539224e-05
Lahore,Empress Road,31.56976,74.335463,3,1.0765537361797415e-05
Lahore,Excise & Taxation Housing Scheme,31.455720666666668,74.236336,3,2.153107472359483e-05
Lahore,Expo Avenue Society,31.456732,74.258442,3,1.0765537361797415e-05
Lahore,Gawalmandi,31.573197000000004,74.325428,3,2.153107472359483e-05
Lahore,Gul Kali,31.564922,74.42827700000001,3,3.229661208539224e-05
Lahore,Gulshan View Residence Society,31.485859,74.376971,3,3.229661208539224e-05
Lahore,Gulshan-e-Yaseen Housing Society,31.60885433333333,74.46042033333333,3,3.229661208539224e-05
Lahore,Gulzar E Ahbab Society,31.497267000000004,74.259941,3,3.229661208539224e-05
Lahore,Haji Park Housing Scheme,31.438176767753664,74.36910984148433,3,1.0765537361797415e-05
Lahore,Hanjarwal,31.487351,74.25054666666666,3,1.0765537361797415e-05
Lahore,IBL Housing Scheme,31.580485995166338,74.49024019533634,3,3.229661208539224e-05
Lahore,Ibrahim Colony,31.555818852579666,74.43189867480466,3,0.0
Lahore,Inmol Society,31.405492,74.40593199999999,3,3.229661208539224e-05
Lahore,Jalal Colony,31.56742,74.431258,3,2.153107472359483e-05
Lahore,Jaranwala Road,31.602494500593668,74.22903977228667,3,0.0004629181065572888
Lahore,Jia Baga Road,31.330520714120667,74.25669576240067,3,3.229661208539224e-05
Lahore,Kachupura,31.582630000000005,74.33794499999999,3,1.0765537361797415e-05
Lahore,Kakezai Housing Society,31.387238,74.313583,3,3.229661208539224e-05
Lahore,Kalma Chowk,31.504330999999997,74.331499,3,5.382768680898707e-05
Lahore,Khayaban-e-Zohra,31.444651000000004,74.281611,3,3.229661208539224e-05
Lahore,LDA City,31.375476000000003,74.30259699999999,3,3.229661208539224e-05
Lahore,Lahore Cantt Coop Housing,31.484930000000002,74.39803266666667,3,2.153107472359483e-05
Lahore,Lytton Road,31.553827070287337,74.31177769681733,3,3.229661208539224e-05
Lahore,Madina Homes,31.425357,74.362532,3,1.0765537361797415e-05
Lahore,Manzoor Colony,31.564183,74.421104,3,0.0004952147186426811
Lahore,Mian Aziz Garden,31.588558000000003,74.496808,3,3.229661208539224e-05
Lahore,Muqaddas Park,31.549781,74.288002,3,3.229661208539224e-05
Lahore,Mustafa Abad,31.25784833333333,74.420248,3,1.0765537361797415e-05
Lahore,Nai Abadi Harbanspura,31.572523,74.42092,3,3.229661208539224e-05
Lahore,Nasirabad,31.454915000000003,74.254189,3,2.153107472359483e-05
Lahore,Officer Colony,31.503134000000003,74.369437,3,0.0
Lahore,PAF Colony,31.551902,74.395579,3,3.229661208539224e-05
Lahore,Public Health Society,31.417420000000003,74.21655200000001,3,2.153107472359483e-05
Lahore,Rang Mahal,31.583215000000006,74.318558,3,3.229661208539224e-05
Lahore,Saman Berg,31.472547333333335,74.30147,3,3.229661208539224e-05
Lahore,Saqib Town,31.474636,74.424378,3,3.229661208539224e-05
Lahore,Saroba Gardens Housing Society,31.434094,74.353151,3,3.229661208539224e-05
Lahore,Shahpur Kanjra,31.463225000000005,74.201696,3,3.229661208539224e-05
Lahore,Siddiqia Colony,31.603370222168,74.33013151025399,3,2.153107472359483e-05
Lahore,Sitara Colony,31.448435,74.35632233333332,3,8.612429889437932e-05
Lahore,Agrics Town,31.441625,74.224648,2,2.153107472359483e-05
Lahore,Al Haram Garden,31.321891,74.36551899999999,2,2.153107472359483e-05
Lahore,Al Madina Avenue,31.417079,74.27950799999999,2,1.0765537361797415e-05
Lahore,Al-Hafeez Garden Road,31.586931,74.47206,2,2.153107472359483e-05
Lahore,Asif Town,31.407778000000004,74.349064,2,2.153107472359483e-05
Lahore,Bahar Shah Road,31.545320500000003,74.403681,2,2.153107472359483e-05
Lahore,Bahria Education & Medical City,31.296155,74.319888,2,1.0765537361797415e-05
Lahore,Bait-ul-Raza Colony,31.530263,74.28843499999999,2,2.153107472359483e-05
Lahore,Bhaini Road,31.628987,74.43975,2,2.153107472359483e-05
Lahore,Bhogiwal,31.585937,74.360069,2,1.0765537361797415e-05
Lahore,Budduke Manak Road,31.317343,74.186924,2,0.0
Lahore,Canalberg Housing Society,31.477038448458003,74.24660332829299,2,1.0765537361797415e-05
Lahore,Cantt View Society,31.483982720787,74.41556811354499,2,2.153107472359483e-05
Lahore,Chauburji,31.554911,74.30449,2,1.0765537361797415e-05
Lahore,Chaudhary Park,31.583325,74.292855,2,2.153107472359483e-05
Lahore,Country Homes,31.432864,74.470113,2,0.0
Lahore,Crescent Town,31.499019,74.26315100000001,2,1.0765537361797415e-05
Lahore,DHA City,31.4499,74.210572,2,1.0765537361797415e-05
Lahore,Dars Baray Mian,31.572885,74.37795899999999,2,0.0
Lahore,Defence Garden,31.439484000000004,74.36439200000001,2,6.459322417078448e-05
Lahore,Fateh Villas,31.422382,74.336519,2,0.0
Lahore,Gulshan Farooq Scheme,31.574736,74.396124,2,1.0765537361797415e-05
Lahore,Gulshan-E-Mustafa Housing Society,31.451373,74.29051899999999,2,1.0765537361797415e-05
Lahore,Hall Road,31.564477,74.31864399999999,2,2.153107472359483e-05
Lahore,Irrigation Cooperative Housing Society,31.4321975,74.326071,2,2.153107472359483e-05
Lahore,Jalal Pura,31.258188,74.2378,2,0.0
Lahore,Jan Muhammad Road,31.448466,74.253313,2,2.153107472359483e-05
Lahore,Javed Colony - Ghazi Road,31.461066,74.363873,2,0.0
Lahore,Karbath,31.438667,74.495138,2,2.153107472359483e-05
Lahore,Khana Kacha Road,31.373857,74.3559285,2,2.153107472359483e-05
Lahore,Khokhar Town,31.583992,74.2877365,2,1.0765537361797415e-05
Lahore,"Lahore, Punjab",31.545771394936,74.341328144074,2,2.153107472359483e-05
Lahore,Lakhodher,31.6099515,74.41440750000001,2,2.153107472359483e-05
Lahore,Lakshmi Chowk,31.5671637337035,74.32510337988299,2,0.0
Lahore,Liaquatabad,31.563727,74.30259699999999,2,0.002239231771253862
Lahore,Lower Mall,31.566031,74.30447099999999,2,2.153107472359483e-05
Lahore,Makki Complex,31.4516092114845,74.35194445527401,2,2.153107472359483e-05
Lahore,Malipura,31.583763,74.299972,2,2.153107472359483e-05
Lahore,Mason Road,31.552592,74.322788,2,2.153107472359483e-05
Lahore,Maulana Shaukat Ali Road,31.4748217386535,74.301752319533,2,0.0
Lahore,Mayo Gardens,31.555902000000003,74.349239,2,2.153107472359483e-05
Lahore,McLeod Road,31.569973925851002,74.32888937234,2,2.153107472359483e-05
Lahore,Mian Colony,31.568563,74.3922055,2,2.153107472359483e-05
Lahore,Mominpur,31.6012,74.416051,2,2.153107472359483e-05
Lahore,Nabi Pura,31.569904,74.39615,2,2.153107472359483e-05
Lahore,Nayyab Villas,31.490163,74.385595,2,1.0765537361797415e-05
Lahore,Noor Jahan Road,31.509378,74.343787,2,2.153107472359483e-05
Lahore,PAF Society,31.354223,74.237537,2,1.0765537361797415e-05
Lahore,Pine Villas,31.43654,74.192546,2,1.0765537361797415e-05
Lahore,Qartaba Chowk,31.548813,74.31505,2,2.153107472359483e-05
Lahore,Qasurpura,31.5959,74.299164,2,1.0765537361797415e-05
Lahore,Railway Officers Colony,31.486266,74.356027,2,1.0765537361797415e-05
Lahore,Rehmanpura (Harbanspura),31.576197,74.457871,2,2.153107472359483e-05
Lahore,River View Coop Housing Society,31.441296,74.24474000000001,2,2.153107472359483e-05
Lahore,Sikandar Road,31.545929,74.361102,2,2.153107472359483e-05
Lahore,Sozo Town,31.585078000000003,74.484757,2,1.0765537361797415e-05
Lahore,Sunderdas Road,31.554329,74.34699,2,1.0765537361797415e-05
Lahore,Supreme Villas,31.401094,74.36339699999999,2,1.0765537361797415e-05
Lahore,Thethar,31.420983000000003,74.45942600000001,2,0.0
Lahore,Waris Colony,31.495469,74.26650500000001,2,1.0765537361797415e-05
Lahore,Yazdani Road,31.555641,74.42161800000001,2,2.153107472359483e-05
Lahore,AR Cottages,31.495734,74.426671,1,1.0765537361797415e-05
Lahore,Abu Alkhair Road,31.617241,74.243483,1,0.0
Lahore,Ahlu Road,31.377703000000004,74.37676,1,0.0
Lahore,Al Raheem Town,31.645929,74.285002,1,1.0765537361797415e-05
Lahore,Al-Kareem Premier Housing Scheme,31.553473,74.40946600000001,1,0.0
Lahore,Al-Wahab Garden - Phase 1,31.625415000000004,74.223201,1,1.0765537361797415e-05
Lahore,Alia Town,31.60557,74.380595,1,1.0765537361797415e-05
Lahore,Alpha Society,31.486723,74.28469399999999,1,1.0765537361797415e-05
Lahore,Aman Town,31.427965000000004,74.287249,1,1.0765537361797415e-05
Lahore,Ashraf Garden,31.588834,74.471097,1,1.0765537361797415e-05
Lahore,Ashrafi Town,31.291589,74.216466,1,0.0
Lahore,Begum Kot,31.617325,74.26702900000001,1,1.0765537361797415e-05
Lahore,Birdwood Road,31.546954,74.32336,1,0.0
Lahore,Combo Colony,31.528983,74.306331,1,1.0765537361797415e-05
Lahore,Data Darbar Road,31.578373,74.30648000000001,1,1.0765537361797415e-05
Lahore,Data Ganj Bakhsh Town,31.590580765964,74.326720623245,1,1.0765537361797415e-05
Lahore,Defence Fort,31.460255,74.365033,1,1.0765537361797415e-05
Lahore,Faisal Ghuman Road,31.49632,74.382237,1,1.0765537361797415e-05
Lahore,Farid Court Road,31.561621,74.310942,1,0.0
Lahore,Ferozepur City,31.308609000000004,74.394432,1,1.0765537361797415e-05
Lahore,Firdous Colony,31.544817,74.28054300000001,1,1.0765537361797415e-05
Lahore,Gawala Colony,31.416980743408,74.326065063477,1,0.0
Lahore,Ghalib Colony,31.529458,74.299936,1,1.0765537361797415e-05
Lahore,Government Transport Headquarters Cooperative Housing Society,31.404044,74.398213,1,1.0765537361797415e-05
Lahore,Gujjar Colony,31.415186,74.327831,1,1.0765537361797415e-05
Lahore,Gul Colony,31.455025,74.361649,1,1.0765537361797415e-05
Lahore,Gulfishan Town,31.63473,74.212122,1,1.0765537361797415e-05
Lahore,Gulnishan Park,31.403397,74.231404,1,1.0765537361797415e-05
Lahore,Gulshan-e-Riaz,31.412769,74.214792,1,0.0
Lahore,Heir,31.407676,74.49037299999999,1,0.0
Lahore,Hudiara,31.441918,74.564727,1,0.0
Lahore,Jamal Homes,31.427578000000004,74.246667,1,1.0765537361797415e-05
Lahore,Jewa Town,31.417283,74.289862,1,1.0765537361797415e-05
Lahore,Kacha Lawrence Road,31.547727,74.326054,1,1.0765537361797415e-05
Lahore,Kacha Road,31.436153000000004,74.31716999999999,1,1.0765537361797415e-05
Lahore,Kala Khatai Road,31.665791,74.313979,1,1.0765537361797415e-05
Lahore,Khaira,31.584898039748,74.497890326326,1,1.0765537361797415e-05
Lahore,Khawaja Ahmed Hassan Road,31.552949,74.401519,1,0.0
Lahore,Lahore Villas,31.372625,74.235404,1,1.0765537361797415e-05
Lahore,Madar-e-Millat Road,31.442025,74.31722099999999,1,1.0765537361797415e-05
Lahore,Mahmood Road,31.536595,74.30899000000001,1,1.0765537361797415e-05
Lahore,Maryam Town,31.287076000000003,74.228084,1,1.0765537361797415e-05
Lahore,Mateen Garden,31.6503,74.27006,1,1.0765537361797415e-05
Lahore,Meharpura,31.508276,74.255176,1,1.0765537361797415e-05
Lahore,Meraj Park,31.505806,74.263532,1,1.0765537361797415e-05
Lahore,Millat Colony,31.528256,74.358815,1,1.0765537361797415e-05
Lahore,Mohlanwal Scheme,31.403795,74.172728,1,1.0765537361797415e-05
Lahore,Montgomery Road,31.567128000000004,74.327763,1,1.0765537361797415e-05
Lahore,Munir Garden,31.488037109375,74.23320770263699,1,1.0765537361797415e-05
Lahore,Mushtaq Park - Phase 3,31.582484,74.38897800000001,1,1.0765537361797415e-05
Lahore,NFC 2,31.36366,74.155076,1,1.0765537361797415e-05
Lahore,Nabha Road,31.565723,74.307428,1,1.0765537361797415e-05
Lahore,Neela Gumbad,31.572403901932,74.308936111629,1,0.0
Lahore,Others,31.5546,74.3572,1,0.0007966497647730087
Lahore,Prem Nagar,31.560838,74.299722,1,0.0
Lahore,Rana Shaukat Mehmood Road,31.529703,74.342052,1,1.0765537361797415e-05
Lahore,Real Cottages,31.488004,74.408813,1,1.0765537361797415e-05
Lahore,Rehman Housing Society,31.473392,74.29729499999999,1,1.0765537361797415e-05
Lahore,Rewaz Garden,31.559585,74.303647,1,1.0765537361797415e-05
Lahore,Saadat Avenue,31.482377000000003,74.29543699999999,1,1.0765537361797415e-05
Lahore,Saadi Park,31.55166,74.312382,1,1.0765537361797415e-05
Lahore,Samanzar Colony,31.508534,74.252643,1,1.0765537361797415e-05
Lahore,Samsani Road,31.484997460282003,74.259339720011,1,1.0765537361797415e-05
Lahore,Saraich,31.316586,74.438714,1,1.0765537361797415e-05
Lahore,Shahtaj Colony,31.488846,74.370232,1,1.0765537361797415e-05
Lahore,Shamkay Bhattian,31.332290000000004,74.10933399999999,1,1.0765537361797415e-05
Lahore,Siddiqia Society (College Road),31.427388,74.28808599999999,1,1.0765537361797415e-05
Lahore,Sultan Colony,31.469192,74.42919,1,1.0765537361797415e-05
Lahore,Sundar,31.354494,74.12694599999999,1,1.0765537361797415e-05
Lahore,Sundar Road,31.276949,74.19655,1,0.0
Lahore,Tulspura,31.581206,74.459391,1,0.0
Lahore,Urdu Bazar,31.574779,74.309623,1,1.0765537361797415e-05
Lahore,Vital Homes Housing Scheme,31.427946,74.343731,1,1.0765537361797415e-05
Lahore,Wocland Villas,31.395691,74.24882,1,1.0765537361797415e-05
Lahore,Wyeth Employees Coop Housing,31.379947,74.24735799999999,1,1.0765537361797415e-05
Lahore,Zaitoon Colony,31.58541,74.40901,1,0.0
Rawalpindi,Bahria Town Rawalpindi,33.51696887793165,73.10270504195961,4096,0.034406657408304536
Rawalpindi,Adiala Road,33.577852154715764,73.0206298230948,983,0.008504774515819958
Rawalpindi,Gulraiz Housing Scheme,33.56280177024254,73.10713166074748,504,0.00441387031833694
Rawalpindi,Airport Housing Society,33.5886447345142,73.12928334495629,474,0.0039617177491414485
Rawalpindi,Gulshan Abad,33.530561350112954,73.06127673906883,339,0.0028636329382381123
Rawalpindi,Satellite Town,33.638426667487586,73.072590870951,276,0.0022715283833392545
Rawalpindi,Chaklala Scheme,33.648150573891165,73.13476638893971,254,0.002185404084444875
Rawalpindi,Media Town,33.56086720511532,73.1260064090027,235,0.0019700933372089266
Rawalpindi,Askari 14,33.542991880763076,73.06762235303849,212,0.001765548127334776
Rawalpindi,Misryal Road,33.60075872747157,72.9986349366747,210,0.0018732035009527501
Rawalpindi,Chakri Road,33.486455492599205,72.94311947922141,184,0.001324161095501082
Rawalpindi,Range Road,33.598546814386985,73.01793306831111,182,0.001668658291078599
Rawalpindi,Muslim Town,33.62858307419234,73.09226408750212,180,0.0023038249954246467
Rawalpindi,Peshawar Road,33.60304011427363,73.02828139788664,160,0.0013564577075864742
Rawalpindi,Shalley Valley,33.597510942860495,73.01413470807043,145,0.0012810989460538922
Rawalpindi,Westridge,33.613839023421974,73.02023426942823,132,0.0011411469603505259
Rawalpindi,Islamabad Highway,33.60045151686485,73.12932665858209,123,0.0017547825899729785
Rawalpindi,Samarzar Housing Society,33.527718981453404,73.04458609684569,95,0.0007751186900494139
Rawalpindi,Afshan Colony,33.59524695652174,73.02359097826088,92,0.0008289463768584009
Rawalpindi,Khayaban-e-Sir Syed,33.63853487549743,73.04802232281274,91,0.000807415302134806
Rawalpindi,Tulsa Road,33.56755130777815,73.05275348889475,90,0.0007751186900494139
Rawalpindi,Dhok Sayedan Road,33.589926223227266,73.01000641858172,87,0.0007751186900494139
Rawalpindi,Defence Road,33.537014561753864,73.1008361312864,81,0.001711720440525789
Rawalpindi,Girja Road,33.56488480675318,72.99331559942242,74,0.0005921045548988577
Rawalpindi,Gulzar-e-Quaid Housing Society,33.60030808184899,73.1309753729883,72,0.0005382768680898707
Rawalpindi,Sadiqabad,33.63242473876764,73.08086442669038,68,0.0006136356296224526
Rawalpindi,Gulistan Colony,33.569009281250004,73.09510624999999,64,0.0005813390175370604
Rawalpindi,Khurram Colony,33.625787,73.09369000000001,63,0.0004952147186426811
Rawalpindi,Allahabad Road,33.614291053501965,73.00763518565647,58,0.0004952147186426811
Rawalpindi,Lalazar,33.56647259206867,73.0560603700513,58,0.0013995198570336638
Rawalpindi,New Lalazar,33.56108824906584,73.07066838776461,57,0.00041985595711009914
Rawalpindi,Dhoke Syedan,33.526416,72.644958,56,0.00039832488238650433
Rawalpindi,Chakra Road,33.58947078239004,72.98681056194202,54,0.0004952147186426811
Rawalpindi,Kurri Road,33.63595733712585,73.09090234666259,54,0.0004844491812808836
Rawalpindi,Dhamyal Road,33.55643888965171,73.02466909279984,51,0.00041985595711009914
Rawalpindi,Dhok Paracha,33.64045496078432,73.08409490196078,51,0.00041985595711009914
Rawalpindi,Rail View Housing Society,33.59691216512487,73.11965353548001,48,0.00040909041974830174
Rawalpindi,Dhok Kashmirian,33.643,73.08328391489361,47,0.00039832488238650433
Rawalpindi,Farooq-e-Azam Road,33.646747761918995,73.08989846693301,39,0.0003014350461303276
Rawalpindi,Sangar Town,33.61267097142857,73.11939582857143,35,0.000312200583492125
Rawalpindi,Caltex Road,33.553583,73.068339,34,0.000312200583492125
Rawalpindi,Askari 7,33.561551179039,73.06207056197772,32,0.00024760735932134053
Rawalpindi,Capital Smart City,33.507121034482765,72.87568613793104,29,0.00021531074723594827
Rawalpindi,Harley Street,33.57614560255921,73.04458195333412,29,0.00021531074723594827
Rawalpindi,Chakra,33.58932,72.979099,27,0.00021531074723594827
Rawalpindi,Janjua Town,33.544556,73.056127,27,0.0002260762845977457
Rawalpindi,KRL Road,33.61613499299904,73.10869752144681,27,0.0002260762845977457
Rawalpindi,Sadiqa Abad,33.63238,73.08023192592593,27,0.00020454520987415087
Rawalpindi,Askari 13,33.569523,73.064679,26,0.00024760735932134053
Rawalpindi,Sher Zaman Colony,33.56516645552442,73.0454603484666,26,0.00019377967251235347
Rawalpindi,Shakrial,33.633563607518475,73.09989526955104,25,0.00021531074723594827
Rawalpindi,GT Road,33.505143125000004,73.18028270833334,24,0.0019270311877617372
Rawalpindi,Haji Chowk,33.63019137687867,73.0894052400093,24,0.00012918644834156897
Rawalpindi,Mangral Town,33.61373208658029,73.11837675353446,24,0.00021531074723594827
Rawalpindi,Morgah,33.54471040349508,73.07297207706534,23,0.0001614830604269612
Rawalpindi,Commercial Market,33.586109,73.088359,22,0.00019377967251235347
Rawalpindi,Gulshan-e-Iqbal,33.56108552442986,73.02840061803109,22,0.00020454520987415087
Rawalpindi,Saddar,33.59619469782386,73.05326394903967,22,0.00024760735932134053
Rawalpindi,Saidpur Road,33.63869215210096,73.06323219280476,21,0.00020454520987415087
Rawalpindi,Ayub Colony,33.5827212290521,73.101280744503,20,0.00020454520987415087
Rawalpindi,Munawar Colony,33.55048,73.059787,20,0.0001614830604269612
Rawalpindi,Quaid-e-Azam Colony,33.564514925121905,73.02117721740949,20,0.0001614830604269612
Rawalpindi,Bilal Colony,33.646551,73.086988,19,0.0001614830604269612
Rawalpindi,Dhoke Banaras Road,33.59247,73.01495,19,0.00017224859778875863
Rawalpindi,Tench Bhata,33.58459504639063,73.03544712770928,19,0.0001614830604269612
Rawalpindi,Asghar Mall Road,33.627545385779,73.06040206997939,18,0.0001614830604269612
Rawalpindi,Faisal Colony,33.57962400977917,73.038371568061,18,0.0001614830604269612
Rawalpindi,High Court Road,33.56323788888889,73.10211811111111,18,0.00017224859778875863
Rawalpindi,Shams Abad,33.651485,73.08069,18,0.00013995198570336637
Rawalpindi,Dhok Gujran,33.59919311764706,72.99088088235294,17,0.0001507175230651638
Rawalpindi,Liaquat Colony,33.560965058823534,73.01847811764706,17,0.00013995198570336637
Rawalpindi,Others,33.59957043024782,73.04142117854799,17,0.0007966497647730087
Rawalpindi,Peer Meher Ali Shah Town,33.544952,72.997505,17,0.0001614830604269612
Rawalpindi,Pir Wadhai,33.63202205882353,73.03920529411765,17,0.00010765537361797414
Rawalpindi,Yousaf Colony,33.58518005882353,73.10399,17,0.00013995198570336637
Rawalpindi,Dhok Kala Khan,33.653209000000004,73.089802,16,0.0001507175230651638
Rawalpindi,Dhoke Hassu,33.049786,73.120357,16,0.0001614830604269612
Rawalpindi,People Colony,33.593326,73.028933,16,0.00013995198570336637
Rawalpindi,Clifton Township,33.527079,73.06450799999999,15,0.00011842091097977155
Rawalpindi,Lalazar 2,33.551679,73.02683,15,0.00013995198570336637
Rawalpindi,Murree Road,33.677315650920804,73.1076515058778,15,0.00010765537361797414
Rawalpindi,Pindora,33.64424486298666,73.07119984699332,15,0.00011842091097977155
Rawalpindi,Rawat,33.505229392296734,73.19160717161154,15,7.53587615325819e-05
Rawalpindi,Airport Road,33.6077422365995,73.1073919288635,14,0.0004736836439190862
Rawalpindi,Gulbahar Scheme,33.58909442857143,73.12701185714285,14,0.00013995198570336637
Rawalpindi,Allama Iqbal Colony,33.588319280846925,73.0184204925103,13,0.00018301413515055604
Rawalpindi,Ghauri Town,33.622767230769234,73.12707407692307,13,0.005511955129240276
Rawalpindi,Khayaban-e-Tanveer,33.584545923076924,73.09964723076922,13,0.00011842091097977155
Rawalpindi,PIA Colony,33.60345184615385,73.01112461538462,13,8.612429889437932e-05
Rawalpindi,Al-Noor Colony,33.628011,73.10755999999999,12,0.00010765537361797414
Rawalpindi,Ali Town,33.55308683333333,73.05507541666667,12,0.0002368418219595431
Rawalpindi,Army Officers Colony,33.538273833333335,73.08259766666667,12,0.00010765537361797414
Rawalpindi,Ashraf Colony,33.558562083333335,73.02654458333333,12,0.00010765537361797414
Rawalpindi,Cantt,33.611131500000006,73.0720165,12,0.013037065745136668
Rawalpindi,Ideal Homes Society,33.596446,73.12485,12,9.688983625617673e-05
Rawalpindi,Mumtaz Colony,33.560583,73.058993,12,0.00011842091097977155
Rawalpindi,New Afzal Town,33.59034883333334,73.10613458333333,12,0.00010765537361797414
Rawalpindi,Transformer Chowk,33.63350566488517,73.08778425898174,12,7.53587615325819e-05
Rawalpindi,Wazir Town,33.595552501481336,73.11690277401091,12,8.612429889437932e-05
Rawalpindi,Professors Colony,33.636346,73.103449,11,0.00011842091097977155
Rawalpindi,Safari View Residencia,33.57898,73.11293327272728,11,9.688983625617673e-05
Rawalpindi,Askari 4,33.5843969,73.07980450000001,10,7.53587615325819e-05
Rawalpindi,Awan Town,33.6209242748311,72.9929769324371,10,0.0004736836439190862
Rawalpindi,Chaklala,33.59611239242751,73.08860571660088,10,8.612429889437932e-05
Rawalpindi,Committee Chowk,33.613076543351,73.065555095454,10,7.53587615325819e-05
Rawalpindi,Dheri Hassanabad,33.5735449477538,73.0511418847962,10,0.00010765537361797414
Rawalpindi,Dhoke Khabba,33.6149069874889,73.0776451125492,10,9.688983625617673e-05
Rawalpindi,Fazal Town,33.604344,73.11353820000001,10,7.53587615325819e-05
Rawalpindi,Khanna Road,33.628433,73.1020669,10,8.612429889437932e-05
Rawalpindi,Punjab Government Servant Housing Foundation (PGSHF),33.517469,73.046617,10,7.53587615325819e-05
Rawalpindi,Amarpura,33.622471999999995,73.071652,9,6.459322417078448e-05
Rawalpindi,Askari 10,33.586989,73.077743,9,5.382768680898707e-05
Rawalpindi,Askari 12,33.597588,73.080837,9,7.53587615325819e-05
Rawalpindi,Aslam Shaheed Road,33.56808640134878,73.04717258811777,9,7.53587615325819e-05
Rawalpindi,Bakra Mandi,33.572499111111114,73.03876233333334,9,5.382768680898707e-05
Rawalpindi,Bostan Road,33.57605693057688,73.10145825147657,9,8.612429889437932e-05
Rawalpindi,Dhok Elahi Baksh,33.611724,73.068216,9,6.459322417078448e-05
Rawalpindi,Friends Colony,33.603504,72.997584,9,6.459322417078448e-05
Rawalpindi,Kartar Pura,33.62462621866867,73.06345707031244,9,7.53587615325819e-05
Rawalpindi,National Garden Housing Scheme,33.439723,72.886186,9,9.688983625617673e-05
Rawalpindi,Palm City,33.583085,73.107189,9,8.612429889437932e-05
Rawalpindi,Rawal Road,33.61660906178222,73.08153092026645,9,7.53587615325819e-05
Rawalpindi,Shah Khalid Colony,33.603968,73.113964,9,7.53587615325819e-05
Rawalpindi,Chakri,33.292707,72.759989,8,2.153107472359483e-05
Rawalpindi,Chandni Chowk,33.63154,73.07256600000001,8,7.53587615325819e-05
Rawalpindi,Ghous-e-Azam Road,33.55651161566163,73.01128943798825,8,7.53587615325819e-05
Rawalpindi,Lalarukh Colony,33.559778,73.01330899999999,8,6.459322417078448e-05
Rawalpindi,Lalkurti,33.582028,73.058222,8,6.459322417078448e-05
Rawalpindi,Liaquat Bagh,33.606317333123,73.06460208172525,8,4.306214944718966e-05
Rawalpindi,Race Course,33.604415,73.035947,8,3.229661208539224e-05
Rawalpindi,Askari 1,33.581306,73.087962,7,6.459322417078448e-05
Rawalpindi,Bostan Valley,33.565684999999995,73.10152485714285,7,7.53587615325819e-05
Rawalpindi,Dhok Mangtal,33.621802540191,73.04135799408002,7,4.306214944718966e-05
Rawalpindi,Hazara Colony,33.588731,73.02672199999999,7,7.53587615325819e-05
Rawalpindi,Nawaz Colony,33.594686,73.125371,7,6.459322417078448e-05
Rawalpindi,Sir Syed Chowk,33.64619914285715,72.9796282857143,7,5.382768680898707e-05
Rawalpindi,Air Force Housing Society,33.622267,73.100574,6,5.382768680898707e-05
Rawalpindi,Al-Haram City - Phase 2,33.46168769192484,73.03191583274265,6,5.382768680898707e-05
Rawalpindi,Askari 2,33.585054,73.083517,6,5.382768680898707e-05
Rawalpindi,Askari 3,33.5874,73.081523,6,5.382768680898707e-05
Rawalpindi,Ayub National Park,33.56707316666667,73.08319250000001,6,5.382768680898707e-05
Rawalpindi,Banaras Colony,33.591484,73.102738,6,3.229661208539224e-05
Rawalpindi,Chah Sultan,33.62323833333334,73.07544850000001,6,2.153107472359483e-05
Rawalpindi,Chur Chowk,33.609083166666665,73.00935916666667,6,5.382768680898707e-05
Rawalpindi,Dhoke Gangal,33.499095000000004,72.980756,6,3.229661208539224e-05
Rawalpindi,Gawal Mandi,33.60442583333334,73.059125,6,5.382768680898707e-05
Rawalpindi,Ghaziabad,33.574537,73.023752,6,0.0001614830604269612
Rawalpindi,Judicial Colony,33.59592635644034,73.13453013422999,6,0.00035526273293931467
Rawalpindi,PWD Colony,33.570881,73.145235,6,5.382768680898707e-05
Rawalpindi,Police Foundation Housing Scheme,33.566321,73.133953,6,5.382768680898707e-05
Rawalpindi,Railway Scheme 9,33.596059999999994,73.127045,6,5.382768680898707e-05
Rawalpindi,Rehmanabad,33.636516,73.075168,6,6.459322417078448e-05
Rawalpindi,Sabzazar,33.578663,73.055352,6,6.459322417078448e-05
Rawalpindi,Walait Homes,33.600327,73.09151700000001,6,5.382768680898707e-05
Rawalpindi,Aria Mohalla,33.608375,73.066684,5,3.229661208539224e-05
Rawalpindi,Chakbeli Road,33.469368783850804,73.19016280569659,5,2.153107472359483e-05
Rawalpindi,Chanman Abad,33.5867000178336,73.01350025385459,5,5.382768680898707e-05
Rawalpindi,Chaudhary Wilayat Khan Road,33.5876341297014,73.08994288751619,5,4.306214944718966e-05
Rawalpindi,DAV College Road,33.610207,73.060715,5,4.306214944718966e-05
Rawalpindi,Dhoke Dalal Road,33.627679,73.0509612,5,5.382768680898707e-05
Rawalpindi,Faizabad,33.662514,73.084356,5,4.306214944718966e-05
Rawalpindi,Fazaia Colony,33.618783,73.115083,5,4.306214944718966e-05
Rawalpindi,Kamala Abad,33.5735058,73.03139499999999,5,3.229661208539224e-05
Rawalpindi,Qasimabad,33.619888405592995,73.056293716252,5,5.382768680898707e-05
Rawalpindi,Shaheen Town,33.610152,73.121989,5,0.00041985595711009914
Rawalpindi,Tench Road,33.581932,73.03632900000001,5,5.382768680898707e-05
Rawalpindi,Affandi Colony,33.631594,73.08103,4,3.229661208539224e-05
Rawalpindi,Ahmad Abad,33.570787,73.02381899999999,4,3.229661208539224e-05
Rawalpindi,Askari 11,33.598893,73.026845,4,4.306214944718966e-05
Rawalpindi,Bagh Sardaran,33.6202,73.0544115,4,4.306214944718966e-05
Rawalpindi,Bahar Colony,33.561291,73.01735,4,0.00010765537361797414
Rawalpindi,College Road,33.573004499999996,73.10904225,4,0.0010873192735415388
Rawalpindi,Cricket Stadium Road,33.674476173398496,73.07947193695024,4,3.229661208539224e-05
Rawalpindi,Eastridge Housing Scheme,33.558435,73.099774,4,1.0765537361797415e-05
Rawalpindi,Gulshan-e-Saeed,33.55305425,73.009267,4,4.306214944718966e-05
Rawalpindi,Holy Family Road,33.634605162400746,73.0576653475315,4,4.306214944718966e-05
Rawalpindi,Imam Bara Road,33.623938,73.058936,4,2.153107472359483e-05
Rawalpindi,Kalma Chowk,33.57258,73.03872,4,5.382768680898707e-05
Rawalpindi,Model Colony,33.645739,73.093681,4,9.688983625617673e-05
Rawalpindi,Mohan Pura,33.609223,73.051007,4,4.306214944718966e-05
Rawalpindi,New Katarian,33.645741627258246,73.05980470593249,4,2.153107472359483e-05
Rawalpindi,"Rawalpindi, Punjab",33.588311344901,73.03539276123,4,3.229661208539224e-05
Rawalpindi,Tali Mori,33.571525112715,73.043224811554,4,4.306214944718966e-05
Rawalpindi,Tipu Road,33.61366700000001,73.08235075,4,3.229661208539224e-05
Rawalpindi,Abid Majeed Road,33.58745113408734,73.032775085078,3,2.153107472359483e-05
Rawalpindi,Akalgarh,33.620887,73.0517,3,3.229661208539224e-05
Rawalpindi,Ali Abad,33.639812,73.092037,3,2.153107472359483e-05
Rawalpindi,Askari 15,33.530128999999995,73.165253,3,2.153107472359483e-05
Rawalpindi,Bankers Colony,33.546438,73.061718,3,2.153107472359483e-05
Rawalpindi,Chaudhary Jan Colony,33.582037,73.099496,3,3.229661208539224e-05
Rawalpindi,City Villas,33.560433,73.09758000000001,3,1.0765537361797415e-05
Rawalpindi,Defence Colony,33.623169,73.10883199999999,3,3.229661208539224e-05
Rawalpindi,Dhok Naju,33.637677000000004,73.053962,3,2.153107472359483e-05
Rawalpindi,Doctors Housing Society,33.56918,73.127448,3,0.00010765537361797414
Rawalpindi,Garja,33.561772999999995,72.982199,3,2.153107472359483e-05
Rawalpindi,Gulistan Fatima Colony,33.547453999999995,73.003426,3,2.153107472359483e-05
Rawalpindi,Humak,33.538462,73.144913,3,3.229661208539224e-05
Rawalpindi,Jarahi,33.544434,73.04572399999999,3,2.153107472359483e-05
Rawalpindi,Kahuta,33.597749,73.38668299999999,3,1.0765537361797415e-05
Rawalpindi,Magistrate Colony,33.636792328313334,73.080753065145,3,3.229661208539224e-05
Rawalpindi,Malik Colony,33.570802,73.001699,3,3.229661208539224e-05
Rawalpindi,Mohammadi Colony,33.591045333333334,73.02166,3,2.153107472359483e-05
Rawalpindi,Naseerabad,33.622469490825,72.98245806281,3,3.229661208539224e-05
Rawalpindi,Stadium Road,33.65269084694967,73.07601197560633,3,0.0001614830604269612
Rawalpindi,Taj Residencia,33.588334,72.96737900000001,3,3.229661208539224e-05
Rawalpindi,Wah Link Road,33.742691,72.731802,3,2.153107472359483e-05
Rawalpindi,Zeeshan Colony,33.59156933333333,73.02411333333333,3,3.229661208539224e-05
Rawalpindi,Amer Pura,33.623188714784504,73.0708469073695,2,0.0
Rawalpindi,Babar Colony,33.618157000000004,73.109415,2,2.153107472359483e-05
Rawalpindi,Bangash Colony,33.63523,73.038482,2,2.153107472359483e-05
Rawalpindi,CBR Town Phase 2,33.565513,72.921335,2,2.153107472359483e-05
Rawalpindi,Civil Lines,33.587309999999995,73.06875600000001,2,0.001194974647159513
Rawalpindi,Dhok Chiragh Din,33.597141,73.070945,2,2.153107472359483e-05
Rawalpindi,Dhok Hukamdad,33.625201000000004,73.113075,2,2.153107472359483e-05
Rawalpindi,Dhok Mustaqeem Road,33.611903000000005,72.98702800000001,2,2.153107472359483e-05
Rawalpindi,Dhoke Munshi Khan,33.639383,73.07736,2,1.0765537361797415e-05
Rawalpindi,Ghousia Colony,33.650351,73.063556,2,2.153107472359483e-05
Rawalpindi,Gorakhpur,33.473784,73.035702,2,2.153107472359483e-05
Rawalpindi,Gulshan-e-Safeer,33.620141,72.994683,2,2.153107472359483e-05
Rawalpindi,Islamabad Farm Houses,33.379756,72.949874,2,0.0
Rawalpindi,Khayaban-e-Faisal,33.60127,73.12201400000001,2,0.0
Rawalpindi,Mall Road,33.590653,73.054639,2,6.459322417078448e-05
Rawalpindi,Model Town Humak,33.538727,73.14743399999999,2,2.153107472359483e-05
Rawalpindi,Raja Bazar,33.6167665,73.0530545,2,2.153107472359483e-05
Rawalpindi,Ranial,33.54107,72.979484,2,2.153107472359483e-05
Rawalpindi,Rawat Enclave,33.493769,73.202927,2,1.0765537361797415e-05
Rawalpindi,Sarafa Bazar,33.61708900000001,73.05976100000001,2,1.0765537361797415e-05
Rawalpindi,Sarwar Road,33.592960999999995,73.06062,2,0.0
Rawalpindi,Tulsa,33.567663,73.051529,2,1.0765537361797415e-05
Rawalpindi,Waris Khan,33.618362990099,73.06528149933649,2,1.0765537361797415e-05
Rawalpindi,Abdullah City,33.365367,72.845512,1,3.229661208539224e-05
Rawalpindi,Ameen Town,33.642884,73.051608,1,1.0765537361797415e-05
Rawalpindi,Askari 5,33.584073,73.08662,1,1.0765537361797415e-05
Rawalpindi,Askari 9,33.605340000000005,73.097802,1,0.0
Rawalpindi,Azizabad,33.586559295654,73.02948760986301,1,1.0765537361797415e-05
Rawalpindi,Badar Colony,33.636856,73.038925,1,1.0765537361797415e-05
Rawalpindi,Bethsaida Colony,33.602574,73.000667,1,1.0765537361797415e-05
Rawalpindi,CMH Road,33.580628999999995,73.04943399999999,1,1.0765537361797415e-05
Rawalpindi,Capital Awami Villas,33.356755,72.804736,1,0.0
Rawalpindi,Chungi No. 22 Road,33.577827,73.04101899999999,1,1.0765537361797415e-05
Rawalpindi,Dhok Babu Irfan,33.654155,73.07214599999999,1,1.0765537361797415e-05
Rawalpindi,Dhok Piran Faqiran,33.606435,73.080279,1,0.0
Rawalpindi,Dhoke Ratta,33.613667,73.045885,1,0.0
Rawalpindi,Firdosi Road,33.584469,73.061429,1,1.0765537361797415e-05
Rawalpindi,Gangaal,33.308624,72.843267,1,0.0
Rawalpindi,Gulistan-e-Jinnah Colony,33.66089,73.08591,1,0.0
Rawalpindi,Gulshan Dadan,33.654209,73.079503,1,0.0
Rawalpindi,Gulshan-e-Shamal,33.508088,73.04430699999999,1,1.0765537361797415e-05
Rawalpindi,Gulshan-e-Zaheer Colony,33.580011,73.03307099999999,1,0.0
Rawalpindi,Hakim Muhammad Ajmal Khan Road,33.614271,73.059391,1,1.0765537361797415e-05
Rawalpindi,Jhanda Chichi,33.590813804824,73.07496070861801,1,1.0765537361797415e-05
Rawalpindi,Jumma Market,33.652557,73.067955,1,1.0765537361797415e-05
Rawalpindi,Kacheri Chowk,33.585584000000004,73.06748,1,1.0765537361797415e-05
Rawalpindi,Kallar Syedan,33.415252,73.377829,1,1.0765537361797415e-05
Rawalpindi,Lakhu Road,33.571735,72.95631,1,1.0765537361797415e-05
Rawalpindi,Marir Hassan,33.596740000000004,73.06654,1,1.0765537361797415e-05
Rawalpindi,Mohallah Raja Sultan,33.638718,73.05633900000001,1,0.0
Rawalpindi,Momin Pura,33.608472,73.049548,1,1.0765537361797415e-05
Rawalpindi,Mughal Abad Road,33.585741,73.035198,1,0.0
Rawalpindi,Nanak Pura,33.611027,73.053435,1,0.0
Rawalpindi,Nussah Town,33.621409,73.109972,1,1.0765537361797415e-05
Rawalpindi,PAF Residential Area,33.607775,73.078176,1,1.0765537361797415e-05
Rawalpindi,Raheemabad,33.599976,73.078259,1,1.0765537361797415e-05
Rawalpindi,Sir Syed Road,33.590512,73.062434,1,1.0765537361797415e-05
Rawalpindi,Wireless Residential Colony,33.592655344729,73.04282080557701,1,0.0
Rawalpindi,Zafar ul Haq Road,33.617459999999994,73.073427,1,1.0765537361797415e-05
